"","x"
"1",NA
"2","[졸음운전 이제 그만] 운수업체·운전자 솜방망이 처벌도 한몫"
"3","""졸음운전 사고 때 안전시설 없었다면 도로 관계자도 책임"""
"4","""졸음운전 사고라도 안전시설 미비땐 공사 관계자도 책임"""
"5","졸음운전으로 사고… 안전시설 미비하면 공사 관계자도 책임"
"6","졸음운전 사고라도 안전시설 미설치땐 공사 관계자도 책임"
"7","""졸음운전 사망사고, 안전시설 미설치 공사관계자도 책임"""
"8","[한마디] 추석연휴, 졸음운전 예방법은 ?"
"9","버스 이어…흉기된 `졸음운전` 택시"
"10","버스 '졸음운전 OUT'… 경기도 전국 첫 '경보장치'"
"11","""버스 졸음운전 막는다""...경기도, 전국 지자체 최초 광역버스 ADAS 설치사업 본격 추진"
"12","졸음운전 경보장치 다는 도내 광역버스"
"13","도내 광역버스에 졸음운전 막는 ADAS 장착"
"14","추석연휴 교통사고, 당일 사상자 최다… 오후 '졸음운전' 주의"
"15","추석연휴 기간 당일 사고 최다...졸음운전이 가장 많아"
"16","""고속도로변 졸음운전 예방 현수막 안전운전 방해"""
"17","졸음운전예방 현수막…부정적 반응"
"18","[졸음운전 이제 그만] 졸음운전, 차량 이동중 발생 현장확인·단속 곤란"
"19","[인터뷰] 이윤호 안전생활실천시민연합 사무처장 ""졸음운전 사고는 과실이 아니라 고의"""
"20","경부고속도로 추돌사고 버스기사, '졸음운전 혐의' 인정"
"21","경부고속도로 추돌사고 버스기사, 재판서 '졸음운전' 인정"
"22","'경부고속도로 졸음운전 참사' 버스기사 재판서 혐의 인정"
"23","'경부고속도로 7중 추돌사고' 버스 기사 혐의 인정"
"24","'졸음운전' 경부고속도로 오산IC 램프서 5중 추돌"
"25","졸음운전"
"26","[2017 전세버스캠페인] 5초의 양보가 생명을 지킵니다<운전자의 졸음운전 예방 요령>"
"27","‘또’ 졸음운전, 고속도로서 벌어진 버스 졸음운전 사례 봤더니"
"28","또 졸음운전, 고속도로 버스 졸음운전 사례들 봤더니..."
"29","""또 졸음운전"" 고속버스 8중추돌 사고 당시 영상 공개"
"30","[사설] 잇따르는 졸음운전 사고 방지대책 더 강화해야"
"31","“백미러 버스 보이면 화들짝” 졸음운전 사고 공포"
"32","잇단 고속버스 졸음운전 사고…정부, 첨단안전장치 장착 앞당기기로"
"33","국토위 소위, 버스운전자 졸음운전 막는 개정안 '가결'"
"34","고속도로서 또 버스기사 졸음 사고"
"35","또 졸음운전?…8중 연쇄추돌로 2명 사망"
"36","""아무도 책임 안 진다"" 졸음운전 버스에 부모 잃은 16세 '상주'의 절규"
"37","'경부고속도로 졸음운전' 버스기사 첫 재판 10분만에 종료"
"38","'경부고속도로 졸음운전 참사' 오산교통 경영진 사전구속영장 청구"
"39","경부고속도로 '졸음운전' 참사 버스업체 대표 등 구속영장 신청"
"40","경부고속도로 광역버스 '졸음운전' 참사 오산교통 경영진 구속영장 반려"
"41","버스 공포가 또 덮쳤다… '졸음과 죽음'의 고속道"
"42","다양한 대책 발표됐지만… 또 버스 졸음운전 참사"
"43","경부고속도로 버스 등 5중 추돌…""졸음 운전"""
"44","경부고속도로 '졸음운전' 버스업체 대표 소환… ""드릴 말씀 없다"""
"45","'경부고속도로 졸음운전 사고' 버스회사 대표 경찰 출석… 취재진 질문에 ""드릴 말씀 없다"""
"46","경찰, 경부고속도로 '졸음운전' 버스업체 대표 소환"
"47","경부고속도로 '졸음운전' 참사 버스 업체 대표 경찰 출석"
"48","경부고속도로 ‘졸음 운전’ 사고 버스업체 대표 경찰 출석"
"49","[오늘의 금강일보] 병원선, 8·2 대책 후 세종 첫 분양, 또 졸음운전, 부산 여중생 폭행"
"50","警, 경부고속도로 '졸음 운전' 사고 버스업체 대표 소환"
"51","경부고속道 '졸음운전' 참사 운수업체 대표 내일 소환"
"52","경부고속도로 '졸음운전' 참사 버스업체 대표, 내일 경찰 소환"
"53","'졸음운전 방지' 차로이탈경고장치 9m 이상으로 확대 강화"
"54","잦은 졸음 운전 사고, 차선이탈경고장치 9m이상 승합차로 확대"
"55","""대형차 졸음운전 방지""…차로이탈경고장치 의무화 대상 확대"
"56","경부고속도로 '졸음운전' 참사…버스업체 대표 소환"
"57","경부고속도로 '졸음운전' 버스업체 대표 소환"
"58","경부고속도로 졸음운전 사고낸 버스기사 구속영장 청구"
"59","경부고속도로 사고 ‘졸음운전’ 버스기사 구속영장 오늘 신청"
"60","경찰, 경부고속도로 '졸음운전' 버스기사 오늘 중 구속영장 신청"
"61","경부고속도로 광역버스 '졸음운전' 사고 기사에 구속영장 신청"
"62","경찰, 경부고속도로 '졸음운전' 사고 버스기사 구속영장"
"63","경찰, 경부고속도로 졸음운전 사고 버스업체 대표 소환"
"64","경부고속도로 졸음운전 사고 버스기사 구속"
"65","'경부고속도로 7중 추돌사고' 졸음운전 버스운전사 구속"
"66","[포토] 경부고속도로 7중 추돌 졸음운전 버스기사 영장실질심사"
"67","영장실질심사 출석하는 경부고속도로 졸음운전 버스기사"
"68","경부고속도로 추돌사고 졸음운전 버스기사"
"69","‘경부고속도로 졸음운전’ 버스기사 구속…“열악한 근무 환경에 피로 누적됐다”"
"70","法, 경부고속도로 '졸음 운전' 사고 버스기사 구속"
"71","경부고속도로 버스 졸음운전 사고와 후속대책"
"72","경부고속도로 '졸음운전' 사고 버스업체 압수수색…적정 휴식시간 있었나?"
"73","경부고속도로 '졸음운전' 버스업체 압수수색…""휴식시간 보장 등 확인 나서"""
"74","'경부고속도로 사고' 블랙박스 보니 또…졸음운전이 위험한 이유"
"75","경부고속도로 사고…졸음운전 예방책은?"
"76","경부고속도로 사고, 졸음운전이 부른 재앙... ""졸음운전, 이렇게 무섭다"""
"77","경부고속도로 사고, 졸음운전 앞서 '버스 기사 휴식' 엔 문제 없나"
"78","기사 혹사에 갑질까지? 경부고속도로 졸음운전 수사 가속"
"79","'경부고속도로 졸음운전 사고' 수사 다각화…""운전기사 휴식시간 보장됐나"""
"80","경부고속도로 '졸음운전' 버스 5cm 차이로 제동장치 장착 면제"
"81","경부고속도로 사고 원인은 `도로 위의 흉기`인 졸음 운전…누리꾼들 ""음주운전 사고랑 뭐가 다른지"""
"82","경찰, 경부고속도로 졸음운전 사고 버스기사 구속영장 방침"
"83","경찰, 경부고속도로 사고 ‘졸음운전’ 버스기사 구속영장 방침"
"84","'2명 사망' 경부고속도로 졸음운전 사고 버스기사 구속영장 방침"
"85","경찰, 경부고속도로 '졸음운전' 버스기사 구속영장 방침"
"86","경부고속도로 '졸음운전' 광역버스 기사 검찰 송치"
"87","경찰, 경부고속도로 졸음운전 사고 운전자 기소 의견 송치"
"88","'18명 사상' 경부고속도로 졸음운전 버스기사 검찰 송치"
"89","경부고속도 '졸음운전' 버스기사 오늘 검찰송치"
"90","[트렌드 Talk ★★ Talk 말풍선] 트럼프 탄핵안 첫 발의, 안철수 대국민 사과, 경부고속도로 졸음운전사고 외"
"91","경부고속도로 사고 ""버스운전자 졸음운전 진술""…신양재IC서 빗길 추돌로 18명 사상"
"92","경부고속도로 사고 낸 버스 운전사 ""졸음운전 했다"""
"93","경부고속도로 사고 버스 운전사,경찰조사에서“졸음운전 했다”2명 사망,16명 부상"
"94","경부고속도로 사고, 버스 급제동 흔적 없어... '빗길 부주의 아닌 졸음운전'"
"95","또 졸음운전?..경부고속도로 사고, 블랙박스 영상 보니 '무서워'"
"96","경부고속도로 사고 버스 운전사에게 과실치사 혐의 적용..경찰 ""졸음운전이 원인”"
"97","경부고속도로 사고, 버스 운전사 ""졸음운전 했다""…제동 흔적 발견안돼"
"98","경부고속도로 만남의 광장 부근 교통 사고, 버스 운전기사 졸음운전 가능성 커…"
"99","경부고속도로 사고 버스 운전사 경찰조사에서 ""졸음운전 했다"""
"100","[맥모닝 뉴스]경부고속도로 사고 ‘졸음운전’이 원인, 노동자 파업에 이언주 “미친놈들” 막말 논란外"
"101","[영상] 경부고속도로 사고, 블랙박스 영상 공개 '충격'…""버스 졸음 운전 대책이 시급해!"""
"102","[영상]경부고속도로 버스 졸음운전 7중 추돌사고 현장 블랙박스"
"103","경부고속도로 졸음운전 사망사고 버스기사 구속"
"104","'졸음운전' 경부고속도로 사고 버스 기사 구속"
"105","'또 졸음운전' 경부고속도로 7중 추돌사고…50대 부부 참변"
"106","또 졸음운전, 경부고속도로 7중 추돌…2명 사망"
"107","경찰, 경부고속도로 '졸음운전' 사고 버스업체 전격 압수수색(2보)"
"108","경찰, 경부고속도로 '졸음운전' 버스업체 압수수색"
"109","경찰, 경부고속도로 ‘졸음운전 사고’ 버스업체 압수수색(속보)"
"110","경찰 경부고속도 '졸음운전' 사고 버스업체 압수수색(종합)"
"111","경찰, 경부고속도 졸음운전 사고 버스업체 압수수색"
"112","[서울포토] 법정 향하는 ‘경부고속도로 졸음운전 사고’ 버스기사"
"113","경부고속도로 7중 추돌사고로 2명 사망 16명 부상···빗길 졸음운전 추정"
"114","""마른 하늘에 날벼락""...경부고속도로 사고의 원인은 '졸음운전'"
"115","경부고속도로 사고,'졸음운전'이 문제였다...'마른 하늘에 날벼락' 소식"
"116","경부고속도로 졸음운전 사고 버스업체 대표"
"117","경찰 소환된 '졸음운전' 버스업체 대표가 취재진 질문공세에 보인 반응"
"118","경부고속도로 '졸음운전 사고' 블랙박스 영상 공개"
"119","'2명 사망' 경부고속도로 추돌사고...졸음운전 추정"
"120","경부고속도로서 버스에 깔린 승용차 ""졸음운전 추정"""
"121","경부고속도로서 8대 연쇄 추돌...2명 숨져 ""졸음운전 추정"""
"122","[속보] 경찰, 경부고속도로 '졸음운전' 버스업체 압수 수색"
"123","'졸음운전' 경부고속도로 사고 버스업체 압수수색"
"124","'18명 사상' 경부고속도로 졸음운전 50대 운전기사 구속영장 발부"
"125","경부고속도로 사고, 도로공사 曰 버스기사 졸음운전이 이유... '2명 사망'"
"126","경부고속도로 6중 추돌 18명 사상…""졸음 운전"""
"127","""아직도 손 떨린다"" 경부고속도로 졸음운전 사고 영상"
"128","졸음운전 버스에 깔려 짓이겨진 승용차…악몽의 고속도로"
"129","'졸음운전 사고' 버스 업체 경영진 검찰 송치"
"130","'빗길·졸음운전' 경부고속도로 추돌사고…빗길 안전운전 요령은?"
"131","[핫이슈키워드] '또 졸음운전'…경부고속도로 7중 추돌 사고"
"132","경부고속도로 버스 사고...졸음운전보다 경찰의 단속 부재(不在)가 문제"
"133","끊이지 않는 졸음운전 사고…고속도로 트럭 추돌로 5명 다쳐"
"134","警, 경부고속도로 '졸음 운전' 사고 버스업체 압수수색"
"135","경부고속도로 오산나들목 인근서 6중 추돌···2명 부상"
"136","""졸음 운전에 사고""...경부고속도로 사고 영상 공개"
"137","[관풍루] 경찰, 경부고속도로 ‘졸음운전’으로 7중 추돌사고 일으킨 광역버스 회사 압수수색"
"138","경찰, 경부고속도로 `졸음운전` 버스업체 압수수색 (1보)"
"139","[속보] 경찰, 경부고속도로 ‘졸음운전’버스업체 압수수색"
"140","경찰, 경부고속도로 '졸음운전' 버스업체 압수수색(1보)"
"141","경찰, 경부고속도로 '졸음운전' 사고 버스업체 전격 압수수색(속보)"
"142","신문브리핑 ""'경부고속도로 졸음운전 참사'로 본 버스기사 근무 실태"" ""'제보조작' 파문…국민의당 '안철수 정계 은퇴론' 시끌"" 외 주요기사"
"143","경부고속道 8대 연쇄 추돌로 2명 숨져...""졸음운전 추정"""
"144","[기고] 졸음운전 사고, 기술로 예방한다"
"145","'졸음운전' 경부고속도로 사고 버스 기사 구속여부 내일 결정"
"146","고속버스가 또? 신차가 아니고선 자동긴급제동장치 어려워"
"147","경찰, 경부고속도로 졸음운전 버스 기사 재소환해 조사"
"148","고속·시외버스 첨단안전장치 올해 안에 장착"
"149","'또 졸음운전 사고'…고속·시외버스 첨단안전장치 연내 장착"
"150","또 '졸음운전'…정부, 연내 고속·시외버스에 첨단안전장치 장착"
"151","고속도로 졸음운전 사고 낸 오산교통, 4일 전에도 사망사고"
"152","고속도로 졸음운전 사고 낸 오산교통, 나흘 전에도 사망사고"
"153","‘경부고속도로 사고’ 오산교통 다른 버스 나흘 전 사망사고"
"154","졸음운전! 휴식이 필수 … 운전 중 졸리면 반드시 쉬어간다"
"155","""졸음운전 이제 그만""···장애인협회와 사진전 갖는 고속도로 휴게소"
"156","‘한 달 전 그곳’서 또…아찔했던 경부고속도로 5중 추돌사고"
"157","경부고속도 '졸음운전 사망 사고' 버스기사 구속"
"158","[르포]버스 졸음운전 사고 없어질까? '자동제동장치' 차량 타보니"
"159","고속도로서 8중 추돌…또 졸음운전 대형사고"
"160","경부고속도로 사고 블랙박스, 운전기사 어떤 처벌받나? ""조는 모습 없어"""
"161","[댓글통] 경부고속도로 사고…""운전하기 겁나"""
"162","블랙박스 통해 공개된 경부고속도로 사고, 또 잠 때문? '혈중 0.17% 상태서 운전하는 것과 같아'"
"163","[단독] 졸음운전 기사, 8시간 이상 쉰 적 없었다"
"164","[단독] 졸음운전 버스 기사 ""8시간 이상 쉰 적 없다"""
"165","[단독] 졸음운전 버스 ""8시간 이상 쉰 적 없다""...업체 대표 영장"
"166","경부고속도로 사고 버스 블랙박스…“운전대 고쳐잡는 순간” (영상)"
"167","경부고속도로 사고 버스 블랙박스 영상 공개"
"168","경부고속도로 사고 블랙박스 영상 추가 공개...버스 사고로 한순간 아수라장"
"169","[독자투고] 도로위의 폭탄 졸음운전 이젠 그만! 정인성 (하동경찰서 진교파출소 순경)"
"170","""졸음 운전 꼼짝 마""…예방 장치 개발"
"171","경부고속도로 사고 운전자 하루 18시간 근무…일지 공개에 누리꾼 분노"
"172","[졸음운전 공포②]도로위 폭탄 반복되는 악몽…문제는 ‘부실 대응’"
"173","시간 아끼려 졸음운전·폭주…도로 위 시한폭탄 '화물차'"
"174","""졸음운전, 미흡한 규정과 교육 부재가 원인"""
"175","고속도로에서 8중 추돌사고...""또 졸음운전"""
"176","또 고속버스 졸음운전…서행하던 차 들이받아 부부 참변"
"177","이장한 회장·졸음운전 버스 대표… 영장 신청 검찰서 잇단 제동"
"178","버스·트럭 기사, 운전 시간 연장 못한다…'졸음운전 방지대책'"
"179","버스·트럭 기사, 운전 시간 연장 못 한다…'졸음운전 방지대책'"
"180","모든 승합차에 비상자동제동장치 의무 장착해 졸음운전 사고 줄인다"
"181","인천삼산경찰서, 휴가철 졸음운전 예방을 위한 홍보 활동 전개 !"
"182","삼산경찰서, 휴가철 졸음운전 예방 홍보"
"183","공공운수노조 ""법정근로시간 초과 인정하는 법조항 폐기"""
"184","경찰, '경부고속도로 7중추돌' 졸음운전 버스기사 구속영장"
"185","경찰, 경부고속도로 7중 추돌 졸음운전 버스기사 구속영장"
"186","경부고속도로 사고, 버스기사 졸음운전 때문에? ""승용차는 형체도 못 알아봐"""
"187","경부고속도로 ‘7중 추돌’ 사고…‘졸음운전’으로 50대 부부 참변"
"188","경부고속도로사고 '졸음운전' 버스기사 구속영장 신청"
"189","경부고속도로 '졸음운전 버스기사' 구속영장 방침"
"190","경부고속도 ‘졸음운전’ 사고업체, 휴식시간 상습 위반 정황…대표 소환"
"191","경찰 '졸음운전' 경부고속도 사고 버스업체 압수수색"
"192","경찰, 경부선 졸음운전 사고 버스기사 소속업체 수사"
"193","경부고속도로 졸음운전 버스기사 오늘 구속영장심사"
"194","경찰, 경부선 사고 '졸음운전' 버스기사 구속영장 신청"
"195","[속보]경찰, 경부고속도 졸음운전 사고 기사에 오늘 구속영장 신청"
"196","경부고속道 '졸음운전' 버스사고 업체 대표 소환…""드릴 말씀이 없다"""
"197","경부고속도 '졸음운전' 버스회사대표 경찰출두…'묵묵부답'"
"198","'졸음운전' 경부고속道 사고 기사, 구속 방침"
"199","경찰, 경부고속도 '졸음운전' 사망사고 운전자에 구속영장 청구 방침"
"200","경찰, 경부고속도 ‘졸음운전 참사’ 오산교통 경영진도 구속영장"
"201","경부졸음운전 운수업체 경영진 구속영장 신청"
"202","경찰, ‘경부고속도로 추돌 사고’ 버스회사 경영진에 구속영장 신청"
"203","경찰, '졸음운전' 버스 대표와 아들 사전구속영장 신청"
"204","“졸음운전 참사 책임” 오산교통 경영진도 구속영장"
"205","주말 고속도로 얼룩진 버스사고 '졸음운전' 대책 절실"
"206","경찰 소환된 ‘졸음운전’ 버스업체 대표 “드릴 말씀 없다”"
"207","[속보]‘졸음운전’ 버스 업체 대표 출석, 경찰 구속영장 검토"
"208","'졸음운전' 버스업체 대표 경찰 출석···""드릴 말씀 없다"""
"209","'졸음운전 사고' 버스업체 대표 소환…""드릴 말씀 없다"""
"210","""졸음운전 오산교통 경영진에 책임""…과실치사상 공동정범 영장(종합)"
"211","[TF포토] '경부고속 졸음 사고' 김모 씨 영장실질심사"
"212","경부고속도 졸음운전 버스기사 구속영장심사"
"213","경찰, '졸음운전' 버스기사 기소의견 검찰 송치"
"214","경부선 ‘졸음운전’ 사고 버스업체 대표, 26일 경찰 소환"
"215","경찰, 경부고속도로 사고 버스기사 구속방침"
"216","[사설] 또 버스 졸음운전 참변, 첨단안전장치 도입 앞당겨야"
"217","'졸음운전' 버스기사 첫 재판, 10분만에 종료…18일 재개"
"218","""졸음운전 오산교통 경영진에 책임""…과실치사상 공동정범 영장"
"219","檢 '졸음운전' 버스업체 대표 구속영장 반려"
"220","'졸음운전 사고' 오산교통 경영진… 검찰, 경찰의 구속영장 신청 반려"
"221","'졸음운전 사고' 오산교통 경영진 구속영장 반려"
"222","'졸음운전 사고' 버스업체 경영진 구속영장 반려"
"223","'또 졸음운전'…고속버스 연쇄추돌 사고 잇따라"
"224","또 졸음운전… 고속버스 연쇄추돌 잇따라"
"225","'경부 7중 추돌' 버스기사, 재판서 졸음운전 인정"
"226","'졸음운전' 광역버스업체 대표 사전구속영장 신청"
"227","승용차 덮친 졸음운전 참사, 경영진까지 '구속영장'"
"228","`버스 졸음운전` 오산교통대표에 과실치사 구속영장 신청"
"229","‘졸음운전 참사’ 오산교통 경영진 책임 묻는다"
"230","""졸음운전, 경영진 책임"" 오산교통 사장 사전 구속영장 신청"
"231","“졸음운전 참사 경영진도 책임” 경찰, 오산교통 대표ㆍ전무이사 구속영장 신청"
"232","'졸음운전 참사' 오산교통 경영진 사전구속영장"
"233","경찰, 경부고속도로 사고 기사 구속영장 신청"
"234","경찰, 경부고속도로 사고 기사 구속영장 신청 예정"
"235","'졸음운전 버스' 오산교통 경영진, 공동정범 처벌 받을까"
"236","경찰 ""졸음운전 버스업체 대표, 사전 구속영장 청구"""
"237","""졸음운전 오산교통 경영진에 책임""…과실치사상 영장"
"238","버스 졸음운전 방치한 오산교통 대표도 영장"
"239","졸음 버스업체 대표 '사전구속영장'…""역대 처음"""
"240","‘졸음운전’ 버스업체 대표 오늘 소환…고강도 조사 전망"
"241","'깜빡 졸다' 대형 사고…제주 졸음운전 사고 연 평균 50건"
"242","경찰 소환된 경부고속도로 사고 버스업체 대표"
"243","졸음운전 사고 7~8월 최다···'드롬비' 되지 않으려면"
"244","경찰 '졸음운전' 버스업체 대표 소환…영장 신청 검토"
"245","'졸음운전' 버스업체 대표 소환 ""드릴 말씀 없다"""
"246","'경부고속도로 7중 추돌' 경찰 소환되는 버스업체 대표"
"247","'졸음운전' 버스업체 대표, '할 말 없습니다'"
"248","졸음운전 방지 위해 업계 동참 필요"
"249","‘경부고속도로 버스사고’ 회사 차고지 찾았더니…"
"250","정치공방으로 불똥 튀는 경부고속도로 추돌사고 업체 '오산교통'"
"251","당정, 28일 당정협의···버스 졸음운전 방지대책 내놓는다"
"252","당정, 28일 '졸음운전 방지' 논의…방지대책 주목"
"253","검찰 '졸음사고' 오산교통 경영진 영장 반려…경찰 ""보강중"""
"254","[방송리뷰] ‘뉴스룸’, 경부고속도로 사고의 원인은 버스 기사 더블 근무?…‘시선 집중’"
"255","경부고속도로 사고, 버스기사 근무 일지 공개…‘하루 18시간씩 근무’"
"256","[니톡내톡] 경부고속도로 사고…“블랙박스 영상보니 너무 무서워”, “버스기사 수 늘려 휴식 보장해줘야”"
"257","경부고속도로 사고, 블랙박스 무용지물 됐다면…""사고 전부터 하품하고 몸 비틀어"""
"258","경부고속도로 사고, 블랙박스의 힘 드러나? ""하품하고 몸 비트는 모습…"""
"259","경찰 소환되는 '졸음운전' 버스업체 대표"
"260","경찰 소환되는 졸음운전 버스업체 대표"
"261","졸음운전 버스업체 대표, '할 말 없습니다'"
"262","'졸음운전 버스' 오산교통 대표, 경찰 출석...""드릴 말씀 없어"""
"263","졸음운전 사고 버스 업체 대표 경찰 조사"
"264","경찰, '졸음운전 사고' 버스회사 경영진에 구속영장 신청"
"265","'또 졸음운전?' 고속버스 5중 추돌사고…근본적 해결 시급"
"266","충북도, 졸음운전 예방 특별교통안전점검 실시"
"267","졸음운전 예방 특별교통안전점검"
"268","'졸음운전' 사고 버스 기사 기소의견 검찰 송치"
"269","경찰, '졸음운전 사고' 버스기사 검찰 송치"
"270","경부고속도로 사고, 오산시 책임론…“휴식 보장” 버스기사 민원 ‘방관’"
"271","""민원 우려해 수수방관""…오산시 졸음운전 사고 책임 논란"
"272","공포의 졸음운전 사라질까?···근로기준법 특례업종에서 운수업 제외 추진"
"273","경부고속도로 사고 블랙박스, 내부에서 직접 보니?"
"274","경부고속도로 사고 블랙박스 영상 공개, 누리꾼 ""부기사 필요해"""
"275","경부고속도로 사고 블랙박스 영상 공개되자 누리꾼들 반응은?...부기사 도입 필요성 제기"
"276","경부고속도로 사고 기사 하루 16시간 노동...사고 당일 5시간도 못자"
"277","당정, 광역버스 휴식시간 8→10시간…'졸음운전 방지법' 추진"
"278","[취재파일] 졸음운전 버스사고의 근본적 해결을 위해 - 근무시간 단축과 버스공영제"
"279","주말 빗길 경부고속도로 7중 추돌사고… 2명 사망"
"280","[포인트 경제] 잇따르는 버스 졸음운전 사고, 대책은?"
"281","[2017 버스캠페인] 교통사고 없는 대한민국 만들기<졸음운전 예방>"
"282","또 졸음운전 사고, 버스 운수업체 관리·감독 강화 시급… 네티즌들 ""뒤에 고속버스 오면 긴장 됨"""
"283","[한마당-김준동] 졸음버스의 공포"
"284","'졸음운전 사고' 버스 업체 대표 오늘 소환"
"285","경찰, '졸음운전' 버스기사 구속영장 신청...남양주에서도 '버스 사고'"
"286","경찰, 졸음운전 사고 버스기사 13일 구속영장"
"287","졸음운전 버스기사, 오늘 구속영장 신청… ""전날 18시간40분 근무"""
"288","경찰 '졸음운전' 버스업체 대표 소환…휴식시간 미준수 확인"
"289","경부고속도로 사고 버스 업체, 사고 전부터 경찰 수사 받아"
"290","졸음운전 쫓는 비법은 없다"
"291","당정, 오늘 '졸음운전 방지' 논의…방지대책 주목"
"292","봉평터널 참사 1년…졸음운전 대형사고 '악몽'은 여전"
"293","'과속·졸음운전 안 돼요'…서울시, 화물차 안전 집중점검"
"294","또 졸음운전… 고속버스 8중 추돌 2명 사망"
"295","또 졸음운전 교통사고?.. 천안∼논산고속도로서 고속버스가 승용차 추돌해 부부 사망"
"296","'경부고속도로 참사' 오산교통, 무단으로 운행 버스 수 줄인채 운행"
"297","‘졸음운전 사고’ 업체 버스 7대 인가받고 5대만 운영…운전기사도 부족‘"
"298","'졸음운전' 사고 업체, 버스 7대 인가받고 5대만 운행"
"299","경부고속도로 사고 낸 버스기사 “죽을죄 지었다는 말밖에…”"
"300","'졸음운전' 광역버스 운전기사 구속…""범죄사실 소명"""
"301","‘졸음운전’ 광역버스 운전기사 구속"
"302","졸음운전·집배원 과로사 부르는 ‘근로기준법 59조’ 손본다"
"303","경찰, 경부고속도로 7중 추돌 버스기사 재소환"
"304","'졸음운전' 버스업체 대표 소환"
"305","경부고속도로 사고 버스업체 점검… “휴게시간 준수했는가”"
"306","경찰, 경부고속도로 추돌사고 버스업체 압수수색"
"307","'졸음운전' 오산교통, 기사들에게 버스 수리비 떠넘겼나"
"308","졸음운전 버스 오산교통, 기사들에게 버스 수리비 떠넘긴 혐의까지"
"309","졸음운전 참사 버스기사 영장 신청"
"310","경찰, 오산교통 불법행위로 '졸음운전' 사고 전부터 수사"
"311","졸음운전 버스회사 오산교통, 기사들에게 사고 수리비 등 떠넘겼나?"
"312","계속되는 졸음운전 사고...근본적인 해결 방법은 없을까?"
"313","운전대만 잡으면 무거워지는 눈꺼풀…졸음운전 예방법은?"
"314","세상에서 가장 무거운 '눈꺼풀'‥졸음운전 해결법은?"
"315","[칼럼]졸음운전의 근본적인 해결 방법은?"
"316","고속버스가 승용차 '쾅쾅쾅'...졸음운전 추정"
"317","경찰, 졸음운전사고 버스업체 수사 박차…확보자료 분석집중"
"318","경찰 ‘졸음운전 참변’ 오산교통 운전기사 혹사 여부 집중조사"
"319","경찰, ‘졸음운전 참변’ 운전기사 혹사 여부 조사…오산교통 수사 확대"
"320","검찰 '졸음사고 참사' 오산교통 경영진 영장 반려시켜"
"321","`졸음운전 버스` 오산교통, 기사에 사고 수리비 떠넘겼나"
"322","'졸음운전' 사고 업체, 허가 없이 광역급행버스 줄여"
"323","졸음운전 버스 업체, 사업계획 무단 변경…7대 인가 후 5대만 운행"
"324","`졸음운전 버스` 사고 낸 오산교통, 버스 대수와 횟수 불법으로 변경해 운행"
"325","졸음운전교통사고 막을 수 있다"
"326","경악의 경부고속도로 사고, 공개된 블랙박스에는…""K5가 순식간에 티코로 변했다"""
"327","'또 졸음운전' 경부고속도 오산IC 램프서 버스 등 5중 추돌"
"328","경부고속도 오산IC 램프서 버스 5중 추돌…졸음운전 가능성"
"329","‘또 졸음운전’ 경부고속도 오산IC 램프서 버스 등 5중 추돌"
"330","또 고속버스 졸음운전 5중 연쇄 추돌사고"
"331","정부·정치권, 대형車 졸음운전 예방책 마련 움직임"
"332","‘졸음운전 사고’ 오산교통 다른 버스 나흘 전에도 사망사고"
"333","'졸음운전 사고' 오산교통 다른 버스, 나흘 전에도 사망사고"
"334","[속보]경부고속道 참사 오산교통, 사고 나흘 전에도 사망사고 냈다"
"335","경부고속도로 사고, 또 졸음운전?…블랙박스 영상보니 '처참'"
"336","[인터뷰] 전연후 교수(교통안전공단) “졸음운전 예방 장치 부착 사업 내년부터 본격 추진” ②"
"337","이틀간 33시간 운전이 졸음 버스 만들었다"
"338","‘졸음운전’ 버스업체 압수수색… 경고장치 의무화 추진"
"339","서울경찰청, ‘졸음운전’ 사고 버스업체 직접 수사···업체 압수수색"
"340","졸음운전 버스업체 압수수색"
"341","서울경찰청, '졸음운전' 사고 버스업체 직접 수사…""더 꼼꼼히"""
"342","'졸음운전 사망사고' 광역버스 업체 압수수색"
"343","툭하면 경보음...""버스 졸음방지 장치 되레 운전 방해"""
"344","'졸음운전' 버스 사고 운전기사 오늘 구속영장 신청"
"345","경찰, '2명 사망' 졸음운전 기사 구속영장 신청...회사는 수리비용 떠맡겨"
"346","[영상] 졸음운전 참사 본격 수사…휴식 시간 준수도 조사"
"347","졸음운전 참변 부른 근로기준법 59조 개편 나선다"
"348","경찰, ‘졸음운전’ 버스회사 압수수색…운수사업법 준수 여부 확인"
"349","警, 졸음운전 사고 버스업체 압수수색"
"350","졸음운전 추정 사고로 18명 사상…무더운 휴일 사고로 얼룩"
"351","'졸음운전' 버스업체, 운전기사에 수리비 떠넘긴 의혹도"
"352","경부고속道 버스사고 업체, 다른 범죄로도 경찰 수사 중"
"353","졸음운전 버스 업체, 보험료 인상 막으려 기사들에 버스 수리비용 부담케 해…무단 수리까지"
"354","'졸음운전 사고' 버스 업체 대표 내일 소환"
"355","서울경찰청, 버스 졸음운전 사고 관련 업체 직접 수사 나서"
"356","경부고속도로 7중 추돌사고 버스기사 영장심사"
"357","졸음운전 버스기사 영장실질심사"
"358","경부고속도로 버스사고 업체 압수수색"
"359","졸음운전 사고 버스기사 영장"
"360","[영상] '음주운전'보다 무서운 '졸음운전'"
"361","경찰, ‘졸음운전’ 사고 버스회사 압수수색"
"362","경찰, 2명 사망 졸음운전 다중추돌 버스기사 오늘 구속영장"
"363","'졸음운전' 오산교통, 나흘 전에도 사망사고"
"364","졸음운전 부추기는 '격일제와 근기법 59조'"
"365","졸음운전의 근본적인 해결 방법은?"
"366","""청양고추 씹어가며 졸음 참는 현실…법 개정해 버스 운전시간 줄여야"""
"367","박홍근 의원, 버스운전기사 졸음운전 방지법 발의"
"368","졸음운전 사고 버스업체 7대 인가받고 5대만 운행"
"369","경부고속道 사고 버스회사, 나흘 전에도 사망사고 냈다"
"370","졸음운전 사고 버스기사 ""전날 19시간 가까이 운전"""
"371","졸음운전 버스기사 “사고 전 깜빡 정신 잃어…유가족에 사과”"
"372","[2017 전세버스 캠페인] 5초의 양보가 생명을 지킵니다<졸음운전 예방>"
"373","'졸음운전' 버스업체 8시간 휴식 미준수 상습 위반 정황"
"374","‘졸음운전’ 참사 버스업체 8시간 휴식 미준수 정황 포착"
"375","경부고속 사고 버스업체 대표 내일(26일) 경찰 조사"
"376","[한마디] 여름휴가철 졸음운전 예방법"
"377","""버스 운전자 근무환경 철저하게 보장, 졸음운전 참사 막는다"""
"378","""민원 때문에 OFF""…졸고있는 '졸음운전 예방알리미'"
"379","""광역버스에 졸음운전방지장치 의무화 추진"""
"380","졸음운전 버스 블랙박스 ‘재조명’....차로이탈경고장치 장착한다?"
"381","대형 화물車도 졸음운전 ‘사각지대’"
"382","졸음운전 사고 버스업체 압수수색…""하루 18시간 근무해"""
"383","“졸음운전 해법 준공영제 추진”…예산이 걸림돌"
"384","'졸음운전 버스 사고'...경찰, 버스업체 압수수색"
"385","버스 기사의 졸음운전이 빚은 50대 부부 참변(종합)"
"386","졸음운전 사고 운전기사 “유가족들에게 죄송하다”"
"387","졸음운전 광역버스 기사 ""유가족들에게 죄송"""
"388","[사진]영장심사 들어서는 졸음운전 버스기사"
"389","[사진]법정 들어서는 졸음운전 버스기사"
"390","[사진]고개 숙인 졸음운전 버스기사"
"391","순천향대 부천병원 최지호 수면의학센터장, 도서 ‘수면습관 셀프체크노트’ 출간"
"392","‘졸음운전’버스업체 사업계획 무단변경…7대 허가받고 5대 만 운행"
"393","졸음운전 버스기사 구속 ""고3 딸에 특히 미안해…개인택시 기사가 꿈이었다"""
"394","구속된 졸음운전 버스기사, 고3 딸에 사과 ""개인택시 모는 게 꿈이었는데…"""
"395","""깜빡한 사이 '쾅'…경부고속道 버스사고 '예고된 인재'"""
"396","""내 목숨과 맞바꾸고 싶다"" 졸음운전 버스기사, 유족에 전한 말"
"397","졸음운전 버스기사, ""죽을 죄를 지었다"" 유족에게 사죄"
"398","얼굴 감싸쥔 승객, 버스 '졸음운전' 사고영상 추가 공개"
"399","정부, 버스업체 107곳 근로감독…'졸음운전' 실태조사"
"400","인천버스 졸음운전 근절 'ADAS 설치 의무화, 휴식시간 철저확인'"
"401","'졸음운전' 사고 업체 국토부 허가 없이 사업계획 무단 변경"
"402","""졸음운전 추정"" 8대 추돌...2명 숨지고 10여 명 부상"
"403","[사진]법정 향하는 졸음운전 버스기사"
"404","‘졸음운전' 막아주는 첨단장치 탑재 '베스트 카'는?"
"405","'금고 5년'이 최고형…""졸음운전 처벌 강화해야"""
"406","'경부고속도로 참사' 오산시 책임론 부상"
"407","'졸음운전'으로 사람 죽여 놓고 덤덤하게 인터뷰한 버스기사"
"408","잇단 졸음운전 대형사고…빗길엔 더 위험"
"409","졸음 운전 때문에…빗길엔 더 위험"
"410","“경부고속道 버스참사, 오산시 수수방관 탓”"
"411","‘졸음운전’ 오산교통, 참사 부른 멋대로 운행"
"412","오산시, 졸음운전 사고 업체 '기사부족' 알고도 방치"
"413","중앙선 넘은 버스…경부고속도로 5중 추돌사고 발생"
"414","최지호 순천향대 부천병원 교수, 수면습관 셀프체크노트 출간"
"415","순천향대 부천병원 최지호 수면의학센터장, ‘수면습관 셀프체크노트’ 출간"
"416","'수면습관 셀프체크노트' 출간"
"417","경부고속도로 오산 IC 인근 교통사고…지하철 멈추기도"
"418","'휴식제'만으로 졸음운전 못깨운다"
"419","[Talk쏘는 정치] 깜빡하면 대형참사…'졸음운전' 막으려면"
"420","천안·오산서 잇따라 발생한 교통사고…또 졸음운전? 관리·감독 '시급'"
"421","또 안타까운 사망…'대형버스 졸음운전' 정부대책도 소용없나"
"422","“버스만 보면 간담이 서늘”…졸음운전 공포에 떠는 운전자들"
"423","[또 버스 졸음운전 사고]“운전대 잡기 무섭다”…‘방지대책 무용지물’ 불안 확산"
"424","“또 졸음운전” 주말새 ‘졸음운전 버스’ 추돌 사고 2건…나들이 가던 부부 사망"
"425","또 졸음운전, '주말 과로' 바뀌지 않나 … '구속 위기'까지 겪었는데"
"426","또 졸음운전, '구속 위기'에도 바뀌지 않나 … '주말 과로' 근절 '멀다'"
"427","[생생경제] 음주 보다 위험 졸음운전, 처벌은 솜방망이"
"428","[생생인터뷰] 음주 보다 위험 졸음운전, 처벌은 솜방망이"
"429","버스 졸음운전 ""대형 참사"" 언제까지...16.5시간 운전이 부른 '인재'"
"430","법원, '졸음운전' 버스 기사 구속영장 발부…""도망 염려"""
"431","'졸음 운전' 버스 기사 구속영장 발부…""도주 우려"""
"432","“잠깐! 떠나기 전 알아두자” 휴가철 고속도로 이용백서"
"433","박홍근, '버스운전기사 졸음방지법' 발의…'무제한 근로' 조항 삭제"
"434","박홍근 의원, '버스운전사 졸음방지법' 발의…""제도개선 시급"""
"435","정부 ‘졸음운전 방지 대책’ 만든다"
"436","[뉴스브리핑] '졸음 사고 버스' 경영진에도 사전구속영장"
"437","광주전남 졸음운전 사고 최근 3년간 증가세"
"438","또 졸음운전 대형 교통사고라니"
"439","文 ""돈 좀 들더라도, 졸음운전 방지책 세워달라"""
"440","바른정당, 버스 졸음운전 사고에 ""특단 대책 마련하라"""
"441","안민석 의원, '졸음운전 사고' 버스업체 연루 보도 ""이미 무혐의 결론"""
"442","‘졸음운전’ 사고 업체, 버스 7대 인가받고 5대만 운행"
"443","졸음운전 버스업체 특별안전점검"
"444","운전대 잡고 '꾸벅꾸벅'…잊을 만하면 또 버스 졸음운전 사고"
"445","또 참극 초래한 '달리는 시한폭탄' 졸음운전"
"446","버스 졸음운전 사고…운수업체 관리감독 강화 시급"
"447","순식간에 '꽝꽝'…졸음운전 잇따라"
"448","또 졸음운전 버스 사고…이틀 새 16명 사상"
"449","[주말 고속도로 추돌사고 왜 일어났나] 4일 연속 운행 뒤 하루 더 일하고, 길 막혀 휴식 30분 만에 운전하고"
"450","승용차 밀어버린 버스 '8중 추돌'…졸음운전에 16명 사상"
"451","2명 숨지게 한 ‘졸음운전’ 버스기사 구속영장 방침"
"452","오라지구대 '졸음운전 No' 캠페인"
"453","‘살인운전? 자살운전?’ 졸음운전의 위험성 [인포그래픽]"
"454","면허정지·취소된 시내버스-택시 기사들이 버젓이 운전하다니, 시민안전 뒷전 업체들 때문"
"455","천안-논산 고속도로, 고속버스 8중 추돌사고… 경부 고속도로에서도 4중 추돌사고"
"456","경부고속도로 사고, 8중 추돌 사고 등 3명 사망"
"457","이 총리 “버스 졸음운전 사고, 안전대책 이행 안 된 게 문제”"
"458","또 졸음운전 추정 참사, 방지대책 나온 지 얼마나 됐다고"
"459","'졸음운전 버스' 오산교통, 사고 수리비 기사에 떠넘기고 불법 정비한 혐의"
"460","‘졸음운전’ 업체, 사고 전부터 ‘수리비 떠넘기기·불법 정비’ 혐의로 수사"
"461","졸음운전 버스사고 업체 압수수색한 경찰"
"462","버스 졸음운전 교통사고 업체 압수수색"
"463","졸음운전 사고 버스업체 압수수색"
"464","‘졸음운전’ 사고 버스업체 압수수색"
"465","고속도 버스 또 졸음운전 사고"
"466","40대 부부 사망 교통사고 원인 또 졸음운전 추정..휴일 잇딴 교통사고"
"467","'휴일 잇딴 교통사고' 또 졸음운전 추정으로 중년부부 초등학생 등 자녀 2명 남기고 숨져 안타까움..."
"468","경부고속도로 오산IC 램프서 버스 등 5중 추돌"
"469","'이름값' 못하는 고속도로…""차량 정체가 사고 부른다"""
"470","고속도로 사고에 ""차량 정체가 원인"""
"471","‘정체’하는 고속도로, 차량 사고 부른다"
"472","‘간담 서늘, 졸음운전…’ 주말 천안ㆍ오산서 잇따라 발생"
"473","'졸음운전 참사' 버스업체, 7대 인가받고 5대만 운영"
"474","버스기사 졸음 사고는 시스템적 문제, 제2 제3 참사는 예고돼"
"475","경찰, '경부선 사고' 버스기사 기소의견 송치"
"476","졸음운전 오산교통 사고 나흘전에도 '사망사고'"
"477","'졸음운전 사고' 버스 기사 재판서 혐의 인정"
"478","[발빠른TV] ‘맨 인 블랙박스’ 경부 고속도로 7중 추돌사고, 예견된 참사? 버스 졸음운전 현장 공개!"
"479","[광역·시내버스 동승르포] '2시간30분 운전에 휴식 5분' ""생마늘, 생양파 먹고 운전"""
"480","[장거리 노선버스 동승 르포]2시간30분 운전 뒤 5분 휴식…“잠 깨려 생마늘 씹어”"
"481","'졸음운전' 버스업체 대표 ""드릴 말씀이 없다"" 경부고속도로 최악의 사고, 원인은?"
"482","고속도로 달리는 '과로버스'… 대형사고는 예고된 인재"
"483","[Biz Now] 졸음운전 대책 반기는 車업계"
"484","경부선 버스사고 대책에 자동차 업계 초미 관심"
"485","하루 16시간 운전...'도로 위 흉기' 과로 버스"
"486","광역버스 졸음운전 사고 방지 위한 기사들과 간담회"
"487","현대차·벤츠, ‘졸음버스’ 예방장치 서둘러...운송업계 '회피'"
"488","경찰, '경부 7중추돌' 졸음운전 버스기사 검찰 송치"
"489","앞차와 충돌 감지하자 “삐삐”…버스가 스스로 브레이크 걸어"
"490","국회입법처 ""운전자 근로시간 논의. 운수업 선진화 과정"""
"491","경찰 조사 받는 '경부 7중 추돌' 버스업체 대표"
"492","서울시, 화물차 졸음·과속 운행 특별점검"
"493","[죽음 부르는 노동시간 특례제도] 하루 18시간 운전·연간 3천시간 집배, 이 노동 실화냐?"
"494","합법적 무제한 노동, 20대 국회는 바꿀까"
"495","경부고속도로 사고, 8중 추돌 사상자 18명 또 '졸음운전'이 빗은 참극"
"496","경부고속도로 사고, 여전한 버스 졸음운전 해결책 정말 없나?"
"497","경부고속도로 사고 블랙박스 영상 공개! 죽음 부른 졸음운전"
"498","경부고속도로 사고, 또 '버스 졸음운전'…제동없는 빗길 질주에 50대 부부 참변"
"499","""터널 나오자마자 90도 회전""...또 고속도로 버스 황당 사고 1명 숨져"
"500","경부고속도로 사고, 버스 기사 ‘졸음운전’ 벌써 세 번째 인명피해"
"501","'자동비상제동장치' 버스 타보니… ""사고 100% 막진 못해"""
"502","""졸음운전 충돌 직전 의자 진동…화들짝 놀라 브레이크"""
"503","“AEBS, 100% 사고 예방 하는 건 아니다”"
"504","경부고속도로 사고 원인, 50대 버스기사의 '졸음운전'… 사망자 2명· 부상자 16명 '충격'"
"505","경부고속도로 6중 추돌사고로 2명 사망·16명 부상…""버스운전자 졸음운전 진술"""
"506","경부고속도로 사고로 18명 사상…졸음운전이 부른 참사"
"507","경부고속도로 사고, 경찰 “버스운전자 졸음 운전했다고 진술”"
"508","경부고속도로 사고, 연쇄 추돌로 2명 사망…“버스운전자 졸음운전 진술”"
"509","'비틀비틀' 고속도로 음주 질주…2시간 만에 74명 적발"
"510","고속도로 음주단속 2시간 만에 74명 적발"
"511","또 고속도로서 버스 졸음운전 … 돌아오지 못한 50대 부부"
"512","경찰, 경부고속도로 2명 사망 사고 '졸음운전' 버스기사 구속영장 방침"
"513","'경부고속도로' 사고 원인은?...경찰 ""운전사 '졸음운전'이라 진술"""
"514","경부고속도로 사고, 문제는 '졸음 운전'....누리꾼 ""마른 하늘에 날벼락"""
"515","수사권 조정 앞두고 남의 집 털기?…검경 신경전 가열"
"516","광역버스 운전자 최소 10시간 쉰다...승합차 비상자동제동장치 의무화"
"517","경부고속도로 7중 추돌 사고…이어지는 버스 졸음운전에 “관련 법규 시급하다”"
"518","[단독]버스업체 대표 등 4명 영장 방침… ‘경부고속도 7중추돌’ 무리한 운행 강요"
"519","경부고속도로 8중 추돌사고로 50대 부부 숨져... 버스기사 졸음운전 시인"
"520","경부고속도로 참사 버스업체 대표, 졸음운전 '공범' 구속 첫 사례 되나"
"521","검찰 영장반려에 '영장청구권' 논란 점화"
"522","경부고속도로 6중 추돌로 2명 사망…""졸음운전 진술"""
"523","2명 숨진 경부고속道 추돌사고...""졸음운전 추정"""
"524","[뉴스현장] '상습 정체' 고속도로, 램프미터링 효과는?"
"525","경부고속도로 목격자가 본 버스기사 행동…'졸음운전 참사' (영상)"
"526","경부고속도로 사고 '8중 추돌' 졸음운전…블랙박스 영상 충격 '승용차 덮치는 고속버스'"
"527","경부고속도로 양재IC 인근서 빗길 추돌 사고로 18명 사상…""버스운전자 졸음운전 진술"""
"528","""장시간 운전=음주운전…무제한근로 허용하는 法 개정하라""(종합)"
"529","경부고속도로 사고 ‘충격’ 블랙박스 “졸음운전 했다” 손주 안아보지 못하고 사망"
"530","버스 기사, 운전 시간 연장 못한다…근로법 개정"
"531","졸음운전 경부고속도 추돌"
"532","경부고속도로 6중 추돌 사고로 2명 사망, 버스기사 ""졸음운전"" 진술"
"533","경부고속도로 7중 추돌…빗길에 졸음운전"
"534","김정훈 서울경찰청장 “경찰 성범죄, 엄정하게 수사 진행”"
"535","[종합] 경부고속도로 18명 사상…버스기사 졸음운전 인정"
"536","경부고속도로, 무더기로 빗길 추돌사고…원인은 졸음운전"
"537","경부고속도로 사고로 2명 사망·16명 부상… '졸음운전' 진술"
"538","경부고속도로 빗길 추돌 사고…버스 운전사, 졸음운전 시인"
"539","[쿠키영상] 경부고속도로 사고 블랙박스 영상 공개, 버스기사 졸음운전이 원인?…“아직도 손이 떨린다”"
"540","경부고속도로 사고, 블랙박스 영상…‘죽음 부른 졸음운전’"
"541","반복되는 졸음사고에도…‘소 잃고 외양간 안 고치는’ 정부"
"542","경부고속도로, 사고 2명 사망…‘빗길에 졸음운전?’"
"543","경부고속도로 버스<U+2027>승용차 등 6중 추돌사고…사고 원인 '졸음운전' 추정"
"544","경부고속도로 사고 블랙박스에 찍힌 ‘졸음운전’…그래서 더 시급한 ‘긴급자동제동장치’ 의무화"
"545","경부고속도로 빗길 추돌 사고로 2명 사망···“버스운전자 졸음운전 진술”"
"546","'경부 7중추돌' 버스기사 영장심사…구속여부 결정"
"547","'경부 7중추돌' 버스기사 영장심사"
"548","""하루 17시간 근무…거제 시내버스 준공영제 절실"""
"549","'졸음 참사' 오산교통, 버스 수·운행 횟수 멋대로 줄였다"
"550","버스업체 압수수색 이유는? 운전사 늦은저녁 퇴근후 8시간도 안돼 운전대 잡아"
"551","집배노동자는 살인노동·버스기사는 과로운전 ‘과로사회’"
"552","버스운전자 휴식시간 보장 '말 뿐'···""시행령 현실성 없어"""
"553","우리가 외면해 온 오래된 이야기, 운전노동자의 과로"
"554","경부고속도로 8중 추돌사고, 졸음운전 탓? 2명 사망 10여 명 부상"
"555","회차지점서 노상방뇨…기사님들의 사정은?"
"556","지금 도로 위에 '과로 버스'가 넘쳐나는 이유"
"557","검·경, '햄버거병' '버스 졸음 사고' 서로 수사하겠다고 나선 까닭"
"558","경기도, 광역버스에 최첨단 운전자보조시스템 우선 도입"
"559","`과로운전` 근로기준법 59조…국토부 ""특례규정 개정 추진"""
"560","'생로병사의 비밀' 도로 위의 히든 킬러 졸음운전, 국가적 차원의 인식변화가 필요하다"
"561","‘생로병사의 비밀’ 졸음도 병이다? 수면장애가 졸음운전의 원인!"
"562","이장한 종근당 회장 영장 반려…검·경 신경전?"
"563","‘졸음운전’ 버스업체 경영진 첫 영장"
"564","고용부, '운전기사 장시간 근로' 전면 실태조사"
"565","[엠빅비디오] 장시간 운전에 방치된 버스기사"
"566","'하루 휴식 시간 9.5분' 휴게 시간도 장소도 없는 마을버스 기사들"
"567","위험한 질주…버스 운전기사 40.1% 불면증 호소"
"568","등화장치 고장난 채로 질주 운전기사 휴식시간 미보장 자격 정지된 기사 불법채용 대형버스 `달리는 흉기'"
"569","경부고속도로 사고, 블랙박스 영상 보니 ""원인은 버스 졸음 운전"""
"570","맹성규 국토부 2차관 ""운수종사자 휴식 보장해야"""
"571","이동섭, 경부고속도로 참사 등 막기 위한 '졸음준전 방지법' 대표발의"
"572","이동섭 의원, ‘고속버스 졸음운전 방지’ 개정안 대표 발의"
"573","자동차칼럼-동승자, 국민 모두 '오늘도 무사히' 장마철 안전운전 요령"
"574","도로공사, 추석연휴 대구ㆍ경북권 고속도로 교통 전망"
"575","대구ㆍ경북권 고속도로, 추석 연휴 일평균 이용 차량 37만1000대, 최대 교통량 55만5000대 예상"
"576","대구·경북권 고속도로, 추석연휴 교통량 6.3% 증가"
"577","오산교통 대표·전무 영장"
"578","[라인뉴스] 경부고속도로 6중 추돌…빗길에 졸음운전까지"
"579","[차관동정] 맹성규 2차관, “졸음운전 방지를 위한 업계의 동참 필요”"
"580","강병원 의원, “국민의 행복권 찾아드릴 것”"
"581","경부고속道 빗길 졸음운전 참변 부부 슬픔속 발인식"
"582","김태년 “버스 운전자 ‘과로방지법’ 검토…경보장치 장착 지원”"
"583","졸음운전을 예방하는 5가지 운전습관"
"584","운전 중 오미자차 마시면 뇌파 자극시켜 졸음 쫓아"
"585","'경부고속 사고' 졸음운전·차량결함 가능성 조사"
"586","경부고속도로 사고 블랙박스…버스 운전기사 ""깜빡 정신을 잃어"" 경찰, 구속영장 신청"
"587","경부고속도로 사고 블랙박스 공개…사상자 18명 ‘운전 중 깜빡 정신 잃어’"
"588","경부 고속도로 사고 운전자 2주뒤 영장 방침...블랙박스 영상 살펴보니"
"589","경부고속도로 사고 버스운전사,유가족 합의해도 구속되나?"
"590","여름휴가철 대형사고 유발 ‘졸음운전’ 주의보···롯데제과 ‘졸음 올 때 씹는 껌’ 인기"
"591","[건강 나침반] 졸음운전의 근본적인 해결 방법은?"
"592","'맨인블랙박스' 경부 고속도로 7중 추돌사고, 예견된 참사였나? 버스 운전기사들의 노동 실태 추적"
"593","'맨 인 블랙박스' 경부 고속도로 7중 추돌사고, 예견된 참사였나?"
"594","[밀착취재] 좌석벨트 안 매고, 입석 운행 계속… 앉으나 서나 ‘안전불감’"
"595","경부고속도로서 ‘버스 졸음운전’으로 7중 추돌…50대 부부 참변"
"596","수도권 광역버스 차로이탈경고장치 의무화…AEBS는 내년 신차부터"
"597","연내 수도권 광역버스 전체에 차로이탈경고장치 의무화"
"598","수도권 광역버스에 ‘차로이탈 경고장치’ 장착 의무화"
"599","올해중 모든 수도권 광역버스에 차로이탈경고장치 장착된다"
"600","정부, 수도권 광역버스에 '차로이탈경고장치' 의무화"
"601","부안경찰, 대형버스 교통사고 예방 안전교육"
"602","국토부 “모든 광역버스에 차로이탈경고장치 의무화 추진”"
"603","‘5㎝ 부족’ 광역버스에도 자동비상제동장치 의무 장착 추진"
"604","모든 광역버스에 '차로이탈경고장치' 의무화"
"605","국토부 ""모든 광역버스에 차로이탈경고장치 의무화 추진"""
"606","'경부 7중 추돌 사고' 졸음운전 광역버스 운전사 구속"
"607","경부선 '졸음운전' 사고 버스기사 구속…법원 ""도주우려"""
"608","연이어 발생하는 고속도로 버스 졸음운전 사고…개선될 기미 안 보여"
"609","사고 터져야 바뀌나…여전한 '무제한 근로' 논란"
"610","[고향 가는 길] 추석연휴, 고속도로 465km 신설 개통"
"611","고속도로 졸음운전 사고 버스기사만의 책임일까··· 수면 5시간에도 못 미쳐"
"612","'졸음 운전'에 꺾이는 핸들…고속도로 위 '공포의 40분'"
"613","고속도로 40분간 '졸음운전'…시민이 담은 공포의 순간"
"614","모든 광역버스 '차로이탈경고장치' 의무화 추진"
"615","국토부 “모든 광역버스에 자동비상제동장치 의무화 추진”"
"616","모든 광역버스에 차로이탈경고장치 의무화 추진"
"617","[수도권 주요 뉴스] 박능후 후보, 배우자 불법 증축·농지전용 시인"
"618","[SNS돋보기] 고속도로 버스 졸음운전 참변…""재발 방지 대책을"""
"619","[종합]환노위, 31일 버스기사 근로시간 단축 '논의'"
"620","환노위, ""주당 최대 근로시간 52시간""... 31일 근로기준법 개정되나"
"621","환노위, 31일 전체회의···근로시간 단축·버스기사 연장근로 제한 논의"
"622","고속도로 화물차 3중 추돌로 1명 사망…또 졸음운전?"
"623","버스 장시간 노동 근절법 발의돼"
"624","터널에서 '휘청휘청' 버스, 90도 꺾어 '꽝'"
"625","맹성규 국토부 차관 ""차로이탈경고장치 등 장착 의무화 추진"""
"626","졸음도 병이다...버스 화물차 기사 졸음운전 심각"
"627","경찰에 소환된 버스업체 대표"
"628","[사설] 고속도로 졸음운전, 현실성 있는 대책이 나와야 한다"
"629","연내 모든 수도권 광역버스에 차로이탈경고장치 장착"
"630","경찰, 경부고속도 연쇄추돌 사망사고낸 '졸음운전' 버스기사 구속영장 방침"
"631","경부고속도 입장휴게소 '졸음운전 안돼요!'"
"632","모든 수도권 광역버스에 차로이탈경고장치 장착 예정"
"633","수도권 운행 모든 광역버스 ‘차로이탈경고장치’ 설치"
"634","경부고속도로 사고로 참혹한 부부사망, 운전노동자 어떻게 진술했나?"
"635","경부고속도로 사고, 부부사망 참혹한 현실…운전기사 진술은?"
"636","경부고속도로 사고, 50대 부부 사망…운전기사 뭐했나?"
"637","쉬지 못하는 광역버스 기사들…의무 휴식제 '먼 얘기'"
"638","[현장M출동] ""쉬려고 달려요""…피곤한 버스 기사들"
"639","고속도로 4중 추돌, 사고현장 흔적 보니…또 졸음운전?"
"640","(기고) 노곤함이 심해지는 여름, 졸음운전 예방법은?"
"641","노곤함이 심해지는 여름, 졸음운전 예방법은?"
"642","졸음운전 고속道 광역버스, 앞차 깔고 추돌… 50대 부부 참변"
"643","[특별기고] 졸음운전, 시스템으로 근절해야"
"644","'경부 7중추돌' 졸음운전 버스기사 구속···""범죄사실 소명"""
"645","경부고속도 '졸음운전' 버스기사 17일 영장심사"
"646","도로위 시한폭탄 졸음운전 반드시 근절돼야"
"647","법조칼럼-대형 졸음운전 사고 막을 법적·제도적 장치가 필요하다"
"648","2명 사망한 경부고속도로 사고…경찰, 버스 운전기사 구속 방침"
"649","검찰, 졸음운전 버스 대표 영장 반려…경찰, 보강수사"
"650","운전대 잡고 `꾸벅꾸벅`…또 졸음운전 사고"
"651","버스업체 압수수색, 네티즌…“갑의 횡포가 심하다면 당연히 조사해야 합니다”"
"652","경부고속도로 사고 시스템 지적, ""유럽은 돈 더줘도 8시간 이상 운전 안해"" ""후진국 양상"""
"653","[영상] 경부고속도로 7중 추돌…운전자 ""정신 깜빡 잃었다"""
"654","경찰, ‘과로운전’ 등 경부고속도로 사고 버스업체 조사"
"655","'오늘은 사고 없는 날 현수막 걸려 있었지만...'"
"656","추석 연휴기간 고속도로 교통사고 오전10시~오후2시 가장 많이 발생"
"657","경부고속도 졸음운전 버스기사 오늘 구속영장심사"
"658","'경부고속도로 추돌사고' 낸 버스기사 구속"
"659","어린이보호구역서 '쌩쌩' 달리는 과속차량…안전관리 미흡"
"660","[투고] 휴가철 졸음운전 사전에 막자"
"661","[ET단상]졸음운전 사고, 디지털 인프라로 해결하자"
"662","경찰, '경부 7중추돌' 졸음운전 버스기사 구속영장"
"663","경부고속도로 사고 버스, 국과수 분석 의뢰… 운전자 ""깜빡 정신 잃어"""
"664","'아찔' 경부고속도로 사고 블랙박스 영상…사고 피한 운전자""아직도 손 떨려"""
"665","경부고속도로 버스 사고…'8시간 휴식 규정' 미준수"
"666","경찰, ‘졸음운전’ 버스업체 대표 내일 소환. 8시간 휴식 미준수 정황 포착"
"667","경부고속도로 사고낸 광역버스 블랙박스 공개…버스 운전기사 구속영장 방침"
"668","경찰, 경부고속도로 사고 버스운전사 구속 방침"
"669","""자고 싶다"" 18시간 일하는 기사들…졸음운전 위험 38%"
"670","하루 평균 16시간 근무...경찰, 버스 업체 과실 집중 수사"
"671","졸음운전 문제, 이제는 해결해야 한다"
"672","경부고속도로서 빗길 교통사고로 2명 사망…""졸음운전이 원인"""
"673","[안전한 교통1] 졸음운전방지장치 등 교통사고 25% 감소 추정"
"674","잇단 버스 졸음운전 사망 사고로 거론되는 전방추돌경고장치란? [지식용어]"
"675","현대글로비스, 졸음운전 막을 ‘수호천사’로 변신"
"676","현대글로비스, 졸음운전 방지 위한 '안전운전용품 세트' 배포"
"677","현대글로비스, 졸음 방지 위한 안전운전용품 세트 배포"
"678","현대글로비스, 졸음 방지 위한 안전운전 용품 배포"
"679","[동정] 휴가철 졸음운전 조심하세요…현대글로비스 안전운전용품 배포"
"680","경부고속도로 7중 추돌사고 버스 운전 기사 “항상 피곤했다”"
"681","졸음운전, 코골이와 무슨관계?"
"682","""버스 졸음운전 사고 이슈, 수면무호흡증 치료 고려해야"""
"683","경찰 ""졸음운전 버스업체 대표 구속영장"""
"684","'졸음운전 사고' 버스업체 경영진 사전구속영장 신청"
"685","졸음운전 방지대책 실효 거둘까 … 직장인 65% '졸음 운전 경험'"
"686","[알아봅시다] 불안한 버스 졸음운전 추돌사고, 예방책은?"
"687","버스 졸음운전 사고 방지 대책 발표...FCWS-LDWS 의무 장착 되나? [자동차의 모든 것]"
"688","[박병욱의 실전투자] 맥 못 추는 코스닥... 650선 붕괴 우려"
"689","경찰, '졸음운전' 버스업체 대표 소환…""드릴 말씀 없다"""
"690","경찰, 졸음운전 버스업체 대표 소환…""드릴 말씀 없다"""
"691","경찰, '졸음운전' 버스업체 대표 오늘 소환"
"692","경찰, ‘졸음운전’ 버스업체 대표 소환…“드릴 말씀 없다”"
"693","［경찰의 눈］도로 위의 시한폭탄, 졸음운전"
"694","'그것이 알고싶다' 경부고속도로 교통사고 진실은? '95억 보험 살인 진실공방은?'"
"695","경부고속도로 사고, 희생자 부부 안타까움 더해…""주말 나들이 나섰다가"""
"696","‘쿵! 와지끈!’ 휴일 날벼락…경부고속도로 7중 추돌사고 블랙박스 봤더니"
"697","'50대 부부 참변' 경부고속도로 사고, 블랙박스 영상 살펴보니…"
"698","경부고속도로 사고 블랙박스 동영상 공개, 브레이크없이 그대로 쾅 ‘끔찍’"
"699","광역버스 기사 최소 10시간 연속 휴식 의무화…정부, 졸음운전 방지대책 마련"
"700","정부, 졸음운전 방지대책 마련…근로여건 개선해 졸음운전 막는다"
"701","‘근로시간 제한·경고장치 장착’…졸음운전 방지대책"
"702","버스 기사 휴게공간 만들고, 첨단 안전장치 장착 확대한다…버스 졸음운전 방지대책 발표"
"703","""참사 부른 졸음운전 그만!"" 버스기사 무제한 노동 뿌리뽑는다"
"704","당정, 사업용 차량 운전자 졸음운전 방지 등 근무여건 개선 강화 대책 내놔"
"705","‘죽음으로 모는 졸음운전’ 버스기사 연속 휴식시간 늘린다"
"706","수도권 광역버스, 연말까지 운전자 졸음방지 안전장치 장착"
"707","창원시 전세버스 졸음운전 예방한다"
"708","[사설] 도로 위의 흉기 '졸음운전' 막을 제도적 장치 시급"
"709","[7.10 한장끝뉴스] 지소연-송재희 결혼·설리-김민준 결별·윤지웅 음주운전·이언주 막말 논란·경부고속도로 사고 블랙박스 공개·유세윤 장애인 비하 발언·10cm 윤철종 탈퇴…"
"710","'그것이 알고 싶다' 피해 화물트럭 기사 ""경부고속도로 천안 교통사고 김 씨, 동승자 언급 안해"""
"711","졸음운전 버스 업주에 업무상 과실치사로 첫 영장 신청"
"712","경부고속도로 사고 블랙박스 속 SUV운전자 “버스 기사의 표정 보고 화났다”"
"713","'졸음운전' 버스업체 대표 경찰 소환 ""드릴 말씀 없다"""
"714","졸음운전 버스업체 대표, 강심장도 끔찍' '발본색원'"
"715","[연합시론] 도로 위의 흉기 '졸음운전' 경각심 높여야"
"716","‘도로 위 흉기’ 졸음운전 대책 시급"
"717","광역버스 졸음운전 방지, 연속 휴식시간 10시간으로"
"718","'졸음운전 버스' 경영진에게도 첫 영장 신청"
"719","김현미 ""버스 졸음운전 사고 방지 위해 운전사 휴식시간 보장"""
"720","""졸음운전 사고 막는다""…당정, 대책 마련 협의"
"721","국토부, 고속버스 졸음운전 대책 정비"
"722","[김현주의 일상 톡톡] 터졌다 하면 대형참사…졸음운전 예방 못하나?"
"723","버스·화물차 운전자 운행시간 줄여 졸음운전 막는다"
"724","근로여건 개선해 졸음운전 막는다"
"725","경부고속도로 사고 블랙박스 본 네티즌들…""재발 방지 대책을"""
"726","경부고속도로 사고 블랙박스 본 네티즌""너무 끔찍 대책마련 촉구""(상보)"
"727","경부고속도로 사고, 버스기사 선글라스 끼고 추돌직전 핸들 조작 구속영장 청구방침"
"728","경부고속도로 사고 블랙박스 영상보니 버스가 승용차를 순식간에 '꽝' 덮쳐"
"729","경부고속도로 사고, ""결혼한 외아들, 3개월 후면 손주보는데"" 안타까움"
"730","졸음운전 버스업체 대표, 강심장도 끔찍, '쇠고랑' 위기"
"731","경찰, 경부고속도로 교통사고 해당 버스업체 압수수색"
"732","경찰, 경부고속도로 사고 버스 업체 압수수색...버스 운행 기록 확보"
"733","[단독] 경찰, 경부고속도로 사고 버스 업체 전격 압수수색"
"734","경찰, 경부고속도로 사고 버스업체 압수수색…""여객자동차 운수사업법 준수 여부 확인"""
"735","[영상] 경부고속도로 사고로 2명 참변…살인버스로 둔갑한 광역버스 블랙박스 영상 공개"
"736","버스.화물차 등에 졸음운전방지 전방충돌경고 장치 부착 확대"
"737","버스·화물차 기사 ‘10시간 휴식보장’ 졸음운전 막는다"
"738","경부고속도로 사고 블랙박스, 어이없이 낙엽처럼…"
"739","경부고속도로 사고 블랙박스, 어이없이 낙역처럼…"
"740","광역(M)버스. 졸음운전 예방 교통안전 특별점검 시행"
"741","데자뷰 같은 경부고속도로 버스사고"
"742","보배드림, 경부고속도로 사고 블랙박스 영상 공개로 네티즌 안타까움 배가…‘양재나들목의 비극’"
"743","‘부부 참변’ 경부고속도로 사고 블랙박스 영상 공개…“처참”"
"744","[포커스] 졸음운전, 도로 위 시한폭탄이 달린다"
"745","[영상] K5, 잇따른 버스사고 재앙 … 봉평터널 이어 경부고속도로 사고로 2명 숨져"
"746","경부고속도로 사고, 블랙박스 영상 추가 공개…버스기사, 충돌 직전 핸들 조작 없어 '충격!'"
"747","[동영상] 경부고속도로 사고 블랙박스 보니,승용차 충격 직전 핸들조작 참사"
"748","경부고속도로 사고 블랙박스 추가 공개, '쿵' 소리 후 참사(영상)"
"749","당정, '사업차량 졸음운전 방지대책' 마련...근로여건 개선"
"750","경부고속도로 황간(부산방향)주유소, 여름 휴가철 맞아 새 단장 샤워장, 쉼터 무료 운영"
"751","경부고속도로 사고 블랙박스, 봉평터널참사의 재현…'버스 사고 참사' 왜 계속되나?"
"752","경부고속도로 사고 블랙박스 공개…'쿵'"
"753","경부고속도로 사고 추가 영상, 심하게 요동치는 버스…나뒹구는 파손된 차량들"
"754","경부고속도로 사고 영상 추가 공개...버스업체 특별점검"
"755","[영상] 경부고속도로 사고 블랙박스 영상 'ADAS 의무화 필요'"
"756","경부고속도로 사고 블랙박스 영상 보니..참혹 그 자체"
"757","경부고속도로 사고 블랙박스 영상 공개… ""이 영상이 도움 됐으면"""
"758","경부고속도로 사고 영상…""아직도 손 덜덜 떨린다"""
"759","[영상] 경부고속도로 사고 버스 블랙박스 영상 공개 ""바로 뒤에 차까지…"""
"760","경부고속도로 사고 블랙박스 영상 공개…""버스기사, 말없이 현장 기웃거려"""
"761","경부고속도로 사고 버스 업체, 특별안전점검… 휴게시간 보장 조치 등 조사"
"762","국토부, 경부고속도로 참사 일으킨 버스 회사 특별점검"
"763","국토부, 경부고속도로 사고 버스 업체 '특별점검'"
"764","경부고속도로 사고 버스업체 점검… ""휴게시간 위반등 조사"""
"765","경부고속도로 사고 버스 기사 ‘의무 휴식’ 잘 지켜졌나"
"766","교통안전공단 경인지부 간담회 ""졸음운전 발본색원해야"""
"767","근로기준법 바꿔 버스 졸음운전 사고 막는다"
"768","당정 ""운전자 연속 휴식 10시간 보장…졸음 방지"""
"769","경부고속도로 사고 영상 공개...정부 버스업체 특별점검"
"770","버스·트럭 졸음운전 막기위해 주당 근로시간 62→52시간 축소"
"771","버스·트럭 졸음운전 막기위해 ‘근로기준법 개정’…휴식 8시간→10시간 확대"
"772","경부고속도로 사고, 고속버스가 차량 추돌하는 치명적 사고 또 발생…둔내터널 사고와 비슷해"
"773","경부고속도로 사고, ""영동고속도로 연쇄 추돌사고의 반복?"" 사고의 재구성 들여다보니..."
"774","'사고원인은 무엇?' 경부고속도로 사고, 영동고속도로 연쇄 추돌사고 '재조명'"
"775","경부고속도로 사고, ""'미필적 고의'로 처벌해야""...블랙박스 영상 '처참"
"776","경부고속도로 사고, ""'미필적 고의'로 처벌해야""...블랙박스 영상 '처참'"
"777","경부고속도로 사고 블랙박스에 경악, 분노 대신 대안 제시… “부기사가 답”"
"778","서울시, 화물차 과속·졸음운전 특별합동점검 나서"
"779","[단독] 경부고속도 졸음버스, 5㎝ 짧아 ‘자동제동장치’ 면제"
"780","졸음운전, 휴가철·경기도 집중…""7, 8월 각각 900건 넘어"""
"781","경찰, 경부고속도로 추돌사고 낸 버스 업체 압수수색"
"782","'졸음운전' 버스업체 압수수색…""운수사업법 등 준수여부 수사""(종합)"
"783","권석창 의원, 버스기사 졸음운전 방지법 발의"
"784","경부고속도로서 '졸음운전'에 7중추돌…50대 부부 숨져"
"785","경부고속도로 양재 인근 빗길 6중 추돌…사망 2명"
"786","국토교통부, 경부고속도로 사고 버스 업체 특별 안전점검 실시 예정"
"787","'충격' 경부고속도로·영동고속도로 추돌사고, ""사고 원인은?"" 들여다보니..."
"788","경부고속도로 사고 업체 대표 경찰 출석 ""드릴 말씀 없다"""
"789","‘졸음운전 사고’ 버스업체 대표 경찰 출석"
"790","법원, 경부고속도로 7중 추돌사고 버스기사에 구속영장 발부"
"791","경부고속도로 사고 블랙박스 영상 “도움 됐으면…” [동영상]"
"792","국토교통부, 경부고속도로 사고 버스업체 점검 “위법사례 있을시 처벌”"
"793","입장휴게소, 졸음운전 예방 총력"
"794","경부고속도로 사고 원인 밝혀낸 '블랙박스'…대부분 버스는 '먹통'"
"795","경부고속도로 사고 블랙박스, 원인 규명에 결정적 역할...의무화 주장 힘얻어"
"796","버스 졸음운전 사고 이슈, 수면무호흡증 치료 고려해야"
"797","경부고속도로 사고 낸 버스기사, 어처구니 없는 행동? ""대수롭지 않다는 듯 돌아다녀"""
"798","'경부고속도로 사고' 국토부, 신양재IC 7중 추돌사고 버스업체 특별안전점검"
"799","당정, 화물차·버스 운전자 졸음운전 방지대책 논의"
"800","경부고속도로 사고 블랙박스 영상 공개…“아직도 손이 떨린다”[영상]"
"801","경부고속도로 사고 블랙박스 공개…""아직도 손이 떨려""(영상)"
"802","경부고속도로 사고 블랙박스 영상 공개…“아직도 손이 떨립니다”"
"803","[영상]경부고속도로 사고 현장 담긴 블랙박스 공개…`너무 생생해서`"
"804","경부고속도로 사고 블랙박스 공개… ""아직도 손이 떨려"""
"805","경부고속도로 사고 블랙박스 , 종이조각처럼 구겨진 승용차 영상 '경악'"
"806","경부고속도로 사고 블랙박스 공개, 순식간에 쾅...‘아찔+처참’"
"807","[영상] 경부고속도로 사고 블랙박스 영상 공개…2명사망·16명 부상"
"808","경부고속도로 사고 블랙박스 영상 공개…처참히 구겨진 승용차"
"809","경찰, 경부고속도로 사고 버스기사 구속영장 방침…근무 수칙은 준수"
"810","경부고속도로 사고 피해자 부부, 손주 출산 3개월 앞두고 참변"
"811","경부고속도로 7충 추돌 사고… 2명 사망·16명 부상"
"812","경찰, '경부고속道 7중 추돌' 버스업체 대표 내일 소환"
"813","(기고) 피서철의 무서운 복병, 졸음운전!"
"814","칼럼-음주운전보다 위험한 졸음운전"
"815","[뉴스 테이크아웃] '졸음운전'…도로 위 시한 폭탄이 달린다"
"816","""아직도 손이 떨려"" 경부고속도로 사고 '아수라장' 현장 담은 블랙박스 영상공개"
"817","""아직도 손이 떨리네요"" 경부고속도로 아찔한 사고 현장, 블랙박스 영상 공개"
"818","“졸음운전 안돼요” 휴게소 곳곳 졸음운전 예방 캠페인"
"819","입장휴게소, 졸음운전 캠페인 나서"
"820","[취재N팩트] 경찰, 경부고속도로 사고 버스업체 수사 착수"
"821","졸음운전 사고 막아줄 'FCA' 시스템 대중화 걸림돌은?"
"822","눈 깜짝할 새 '쾅'…도로 위 흉기 '졸음운전' 방지 대책은?"
"823","반복되는 버스 사고... '졸음운전' 내몰리는 기사들"
"824","정부·경기도, 경부고속도로 버스 사고 재발 방지책 마련 '한 목소리'"
"825","‘2명 사망·16명 부상’ 경부고속도로 사고 당시 블랙박스 영상 공개, 영상 제보자 “이 영상이 도움이 되었으면…”"
"826","경부고속도로 만남의광장 부근 7중 추돌사고…2명 사망(종합)"
"827","경부고속도로 사고 ‘7중 추돌’…2명 사망+10명 이상 부상"
"828","경부고속도로 사고, 2명 숨지고 16명 다쳐 '오후 8시께 정체 해소'"
"829","경부고속도로 빗길 7중 추돌사고, 2명 사망"
"830","[옴부즈맨 칼럼] 버스 ‘졸음운전’ 허벅지 꼬집는다고 없어지겠나 /우동준"
"831","경부고속도로 사고, 누리꾼들…“근본적인 뿌리부터 뽑으면 많이 좋아질 거라”"
"832","[눈높이 사설] 졸음운전 막는 제도 정비 시급"
"833","[기고]대형버스 졸음운전 안전 강화"
"834","대형버스 졸음운전 안전강화"
"835","경부고속도로 화물차 3중 추돌…1명 사망"
"836","경부고속도로 사고 블랙박스 보니 '경악'…""한순간 종잇장처럼 와르르 구겨져"""
"837","경부고속도로 사고 현장 블랙박스 공개…""아직도 손 떨려"""
"838","경부고속도로 사고로 숨진 부부 ""첫 손주 안아보지도 못하고"""
"839","경부고속도로 사고, 희생된 50대 부부 ""주말 나들이 나섰다가 참변…"" 참담"
"840","경부고속도로 사고, 희생된 50대 夫婦 ""주말 나들이 나섰다가 참변…"" 애도 잇따라"
"841","경부고속도로 사고, '장마까지' ...'위험도↑' 도로 정체 예고"
"842","경부고속도로 7중 추돌 사고…주말 나들이 50대 부부 '참변'"
"843","경부고속도로 사고, '이어지는 장마 날씨까지' 도로 정체 예고"
"844","경부고속도로 사고 얼마나 참옥했길래, 버스에 의한 사고가 또 다시"
"845","경부고속도로 사고 얼마나 참혹했길래, 최근 버스에 의한 사고가 또?"
"846","경부고속도 졸음 버스, ‘자동제동장치 의무 장착’ 면제된 이유"
"847","승용차 깔아뭉갠 졸음운전…'경고장치'로 막을 수 있나"
"848","경부고속도로 사고, 18명 사상 부른 ‘266톤 쇳덩이’ 추돌"
"849","버스에 추돌당한 경부고속도로 사고차량 왜 심하게 파손됐나"
"850","""사고 현장 바로 앞에 있었다""…경부고속도로 사고 블랙박스 영상 공개"
"851","경부고속도로 사고 블랙박스 영상 공개… 버스가 서행차량 잇따라 추돌"
"852","경부고속도로 사고 블랙박스 영상 공개...""바로 앞에 있었는데..."""
"853","경기남부경찰, 고속도로 진출입로서 2시간 만에 음주운전 74명 적발"
"854","고속도로 진출입로서 2시간 음주운전 단속…93명 적발"
"855","""고속도로 음주 운전 절대 안됩니다"""
"856","경부고속도로 사고 버스기사 어떤 처벌받나...최대 금고 5년"
"857","'졸음운전 방지책'에 업계 반발 ""요금 현실화는 빼놓고…"""
"858","‘졸음운전’ 부른 근로기준법 59조 논란"
"859","'졸음운전' 버스업체 압수수색..""전날 수면시간 5시간도 되지 않을 것"""
"860","운전기사 10명 중 7명 수면장애 겪어…운행중 졸음 13.2%"
"861","경부고속도로 7중 추돌사고 버스 기사 경찰 출석…“죄송하다”"
"862","['졸음버스' 대참사, 남의 일 아니다 ① 전주 시내버스 운전기사 실태] 하루 17시간 50분 격일제 근무…1일 2교대제'터덕'"
"863","경부고속도로 빗길 7중 추돌사고…2명 숨져"
"864","경찰, '18명 사상' 졸음운전 사고 광역버스 기사 검찰 송치"
"865","경찰, `18명 사상` 졸음운전 사고 광역버스 기사 검찰 송치"
"866","경찰, 18명 사상 졸음운전 광역버스 기사 검찰 송치"
"867","경부고속도로 사고 영상 추가공개…버스기사 영장 신청"
"868","경부고속도로 사고, 2명 숨져.…어쩌다 이런 일이?"
"869","`졸음운전` 버스업체 압수수색…""운수사업법 등 준수여부 수사"""
"870","졸음운전 버스업체 압수수색…""운수사업법 등 준수여부 수사"""
"871","'경부고속도로 사고' 버스업체 압수수색"
"872","`졸음운전` 버스 장시간 근로…고용부, 한달간 대대적 조사"
"873","졸음운전 사고 계기…고용부, 버스기사 근로실태 조사"
"874","“과로로 졸음운전…또 대형사고 날라”"
"875","졸음운전 버스기사 구속, 네티즌…“버스회사랑 관리감독 안한 지자체도 꼭 처벌받기를”"
"876","'졸음운전' 버스 운전기사 구속…""범죄사실 소명"""
"877","봉평터널 참사 1년…졸음운전 대형사고는 여전"
"878","경부고속도로 사고 블랙박스 영상 공개, 안타까움 금치 못하는 누리꾼 ""부기사 필요해"""
"879","추석연휴에 차량단독사고가 인명피해 가장 커"
"880","교통안전공단, 최근 5년 추석 연휴기간 교통사고 특성 발표"
"881","추석연휴 車단독 사고 인명피해 가장 커"
"882","추석연휴기간, 경기 수원·청주서 차량 사고 가장 많아"
"883","졸음운전 대책 '운행기록계 상시 제출' 포함되나?...묵묵부답 국토부"
"884","[카드뉴스] 잇따른 버스 졸음운전 참사…‘AEBS’ 의무화될까?"
"885","[투고] 대형버스 졸음운전 안전강화"
"886","[기고] 대형버스 졸음운전 안전강화"
"887","[뉴스인] '벌써 세 번째' 반복되는 버스 졸음운전 사고"
"888","경부고속도로 사고 당시 영상 ‘큰 충격’ 차량 잇달아 파손 ‘경악’"
"889","황영철 의원, 휴가철 졸음운전 사고 발생 최다!"
"890","경부고속도로 상행선, 6중 추돌 사고...현재 사망자 2명, ""3개 차로 통제 우회 요망"""
"891","국토부 ""졸음운전 사고 근절하겠다""…이달 말 대책 마련"
"892","버스 졸음운전 뚝! 정부, 관계부처 합동대책 마련한다"
"893","귀성길 서울~대전 3시간 10분…귀경길 4일 오후 혼잡"
"894","[추석 고향가는길] 귀성 3일 오전, 귀경 4일 오후 피하세요"
"895","경찰 '졸음운전' 운전기사 재소환…""18시간 이상 근무했다"""
"896","경찰, '졸음운전' 버스업체 대표 소환"
"897","경찰, 경부고속도로 7중 추돌 사고 '버스업체 압수수색'"
"898","추석연휴 열흘 … 달갑잖은 '명절사고 증후군'"
"899","[속보] 경찰, 경부고속도로 사고 버스 업체 전격 압수수색"
"900","[영상] 경부고속도로 사고, 버스 밑으로 처참하게 깔려버린 승용차"
"901","또 '버스 졸음운전'…제동없는 빗길 질주에 50대 부부 참변"
"902","졸음운전이 원인?…차량 7대 연쇄 추돌로 18명 사상"
"903","졸음운전이 부른 빗길 참극…18명 사상"
"904","신양재IC서 빗길 추돌로 18명 사상…""버스운전자 졸음운전 진술""(종합)"
"905","경찰 경부고속도로 사고 버스기사 구속영장 방침... 2명 사망 16명 부상"
"906","[영상뉴스] '졸음운전'의 참사, 경부고속도록 사고 블랙박스 영상 공개"
"907","버스 졸음운전, 개인 탓으로만 돌릴 일 아니다"
"908","[사설] ‘달리는 흉기’ 졸음운전, 더 두고 볼 수 없다"
"909","[사설] 졸음운전 참사 막을 가능한 조치 다 도입해야"
"910","[사설] 졸음운전 참사… ‘과로’ 버스기사 대책 마련 시급"
"911","경부고속도로 7중추돌사고 특별안전점검"
"912","경찰 '졸음운전 참변' 오산교통 운전기사 혹사 여부 집중조사"
"913","양재 7중 추돌사고도 '졸음운전'…실효성 있는 대책 시급"
"914","대형사고 원인 졸음운전, 제한 없는 장시간 운전 규제 시급"
"915","또 버스 졸음운전… 부부 목숨 앗아간 7중 추돌"
"916","쉴 틈 없이 운행 … 졸음운전 사고 '예고된 참사'"
"917","당시 영상 여전히 경각심...졸음운전 버스기사 구속, '매섭게 달리는 버스'"
"918","과속운전보다 높은 졸음운전 치사율… 낮잠 자는 안전대책"
"919","음주보다 위험한 졸음운전…2초만 졸아도 대형참사"
"920","길이 9ｍ 버스도 차로이탈경고장치 장착 의무화…비용 80% 지원"
"921","길이 9m 이상 대형 승합차 차로이탈경고장치 의무화"
"922","""반복되는 버스기사 졸음운전, 문제는 근로 환경?"""
"923","졸음운전 방지 근로기준법 개정 추진"
"924","경부고속도로 사고 “3개월 후 태어날 첫 손주 보지 못하고…” (블랙박스 영상)"
"925","간질 원인된 해운대 외제차 사고도 소환, 경부고속도로 사고 블랙박스 만큼 충격적인 사고"
"926","경부고속도로 사고 블랙박스 공개, 부산 해운대 외제차 사고도 재조명 ..알고보니 '간질'이 원인"
"927","경부고속도로 8중 추돌사고 블랙박스 영상 보니…"
"928","경부고속도로 사고 현장 블랙박스 공개…구겨진 차량 참혹"
"929","[오늘의 6가지 이슈] #경부고속도로 6중 추돌 2명 사망 #이준서, 이유미 남동생 구속영장 청구 #박근혜, 이재용 10일 법원서 첫 대면"
"930","'졸음운전' 버스기사 영장 신청…회사 과실 집중 수사"
"931","경찰, '졸음운전' 광역버스 운전기사에 영장 신청(종합)"
"932","경찰, '졸음운전' 광역버스 기사 오늘 구속영장 신청"
"933","'졸음운전 막는다' 버스운전자 최소 10시간 휴식 확보"
"934","“졸음운전 대형사고 내도…최대형량이 고작 금고 5년”"
"935","[졸음운전 공포③] 사고났다하면 참사인데 ‘졸음운전 처벌법’은 없다?"
"936","경부고속도로 사고, 블랙박스 보니 역시 인재였다!"
"937","경찰, ‘경부고속도로 다중 추돌 사고’ 버스 기사에 구속영장 방침"
"938","경찰, `경부고속도로 사고` 버스기사 구속영장 방침"
"939","경찰, 경부고속도로 추돌사고 버스기사 영장 신청 방침"
"940","경찰, 2명 숨지게 한 '졸음운전' 버스기사 구속영장 방침"
"941","계속되는 '졸음운전'사고…""운전자 처벌 수위 높여야"""
"942","경찰, '2명 사망' 졸음운전 버스기사 오늘 구속영장 신청"
"943","만남의 광장 '7중 추돌' 2명 사망…버스 졸음 운전 가능성"
"944","[이댓글봤어?] 경찰, ‘졸음운전’ 관련 버스업체 압수수색…“회사도 문제”"
"945","[리포트+] 비닐 깔고 '쪽잠'…""버스 기사 졸음운전 예견된 인재"""
"946","'졸음운전' 버스업체 압수수색…""운수사업법 준수 여부 조사"""
"947","김성태 의원 ""경부고속도로 사고, 과다노동으로 인한 구조적 문제"""
"948","김성태 의원, '경부고속도로 참사' 원인 ""버스업계 과다노동"" 지적"
"949","[이슈돋보기]도마 위에 오른 졸음운전 대책…실효성 '0'"
"950","[영상] 일순간 아수라장···'경부고속도로 사고' 목격담"
"951","서울경찰청, 졸음운전 신양재 나들목 사고 버스업체 압수수색"
"952","[오늘의 SNS 이슈] 경부고속도로 영상·햄버거 포비아·김행직 우승"
"953","환기 안하고 계속 튼 에어컨, 졸음 운전 ‘공범’"
"954","수면의 질 떨어뜨리는 수면무호흡증…졸음운전까지 유발해 빠른 치료 필수적"
"955","경찰 '졸음운전' 사고 업체 수사 착수… 버스기사 이번주 재소환"
"956","국토부 ""전국 버스업체 대대적 실태조사…졸음운전 막겠다"""
"957","[졸음운전 공포①] 서너시간 자고 15시간 운전…“매일 졸음과 사투”"
"958","여름철 복병 `졸음운전`"
"959","버스기사 10명중 6명 ""졸음운전 경험"""
"960","[비디오머그] '아차' 하는 순간에…경부고속도로 연쇄 추돌사고 버스 블랙박스 공개"
"961","경부고속도로 사고 아찔했던 사고 당시 블랙박스 공개 '버스가 날아오르더니..'"
"962","경찰, ‘졸음운전’ 버스기사 ‘기소의견’ 송치"
"963","에어컨 7분 만에 ‘꾸벅’…졸음운전 복병"
"964","'버스 졸음운전 사고 막는다'…107개 버스업체 근로감독 실시"
"965","'졸음 사고 부르는 과로 운전' 전면 실태조사"
"966","버스기사 졸음운전 원인은...7월 한달간 장시간 근로실태 조사"
"967","'졸음운전 참변 막아라' 고용부, 버스기사 근로실태 조사"
"968","경찰 `졸음운전 참변` 오산교통 운전기사 수사 확대"
"969","빗길 졸음운전에 7중 추돌사고…2명 사망·16명 부상"
"970","신양재IC서 빗길 추돌로 18명 사상…""버스운전자 졸음운전 진술"""
"971","봉평 참사 1년…요란했던 '버스 졸음운전 대책' 어디로?"
"972","졸음운전 막을 대책 시급하다"
"973","""졸음운전 사고는 '인재'…휴식 보장을"""
"974","경부고속도로 차량 8대 연쇄 추돌...2명 숨지고 10여 명 부상"
"975","경찰, 대형 버스 졸음운전 근절 나선다"
"976","인천시, 시내버스 안전 및 서비스 개선대책 발표... ""졸음운전 근절 ADAS 설치비의 80% 지원"""
"977","인천시 졸음운전 근절 시내버스 안전대책 및 서비스 개선대책 발표"
"978","빗길 경부고속도로 버스·승용차 추돌...2명 숨져"
"979","졸음운전 사고 7~8월에 집중…""해법은 휴식"""
"980","음주 못잖게 위험한 졸음 운전…치사율은 일반 교통사고 1.7배"
"981","'빗길에 졸음운전으로'…영문도 모른채 50대 부부 참변"
"982","경찰, 2명 숨지게 한 '졸음운전' 버스기사 구속영장 방침(종합)"
"983","경부고속도로 사고 블랙박스 영상, 버스가 공중으로 ‘흡사 재난영화’"
"984","경부고속도로 사고 블랙박스 보니 ‘처참’…버스 아래 깔린 승용차 어쩌나"
"985","[현장영상] 경부고속도로 연쇄추돌 블랙박스…승용차 덮치는 대형버스"
"986","""날아올라 종잇장처럼 구겨져"" 경부고속도로 사고 블랙박스 '아찔'"
"987","[팩트체크] 버스 '전방경보장치', 졸음운전에 효과?"
"988","警, 경부고속도로 버스추돌 사고 업체 압수수색"
"989","[단독] 서울경찰청, 경부고속도로 사고 버스업체 수사 착수"
"990","경찰, '경부고속도로 사고' 버스업체 압수수색"
"991","경찰, 경부고속도로 7중추돌 버스업체 압수수색"
"992","'졸음운전' 버스, 5㎝ 짧아 자동제동장치 장착 면제"
"993","졸음 운전 부르는 '더블 근무' 관행…눈 감은 버스 업체들"
"994","경부고속도로 사고, 처참했던 현장 상황 ""자동차가 호일처럼 구겨져 있어.."""
"995","7중 추돌 사고로 2명 사망…졸음 운전 가능성"
"996","신양재IC서 추돌로 18명 사상…버스운전자 졸음운전 진술"
"997","[사설] 졸음운전 조장하는 살인적 운행시스템 당장 손봐야"
"998","순식간에 승용차 덮치고…'졸음운전' 그 참사의 순간"
"999","자동차 졸음운전 방지 기술 '어디까지 왔나'"
"1000","""추석 당일 운전 조심하세요"" 연휴 중 사상자 가장 많아"
"1001","길이 9ｍ 버스도 차로이탈경고장치 의무 장착…비용 80% 지원"
"1002","경찰, 졸음운전 버스기사 재소환…""피로 누적 사실"" 진술"
"1003","'졸음운전' 버스기사 구속영장 신청…회사 과실 수사"
"1004","대형참사 낸 졸음운전 고작 5년 이하 금고형"
"1005","[영상] 경부고속도로 연쇄추돌 사고버스 블랙박스"
"1006","차로이탈경고장치 '길이 9m 이상' 버스로 확대"
"1007","“졸음운전 그만”… 18일부터 차로이탈 경고장치 장착"
"1008","경부고속도록서 졸음운전 버스에 벌어진 참사"
"1009","'졸음운전' 버스기사 구속…법원 ""범죄사실 소명·도망우려"""
"1010","‘졸음운전’ 버스기사 구속…법원 “범죄사실 소명·도망우려”"
"1011","법원, '졸음운전' 버스기사에 구속영장 발부"
"1012","졸음운전, 병적 졸음 환자부터 구분해야"
"1013","경기도, 광역버스 2천여대에 첨단 운전자 지원시스템 설치추진"
"1014","대형차 졸음운전 사고 방지위해 자동제어장치 의무화 법안 발의"
"1015","경부고속도로 7중추돌 버스업체 압수수색"
"1016","[사건사고] '물폭탄' 장맛비에 침수ㆍ토사 피해 속출…빗길 졸음운전 '참변'도"
"1017","경부고속도로 7중 추돌사고 버스 기사 경찰 출석"
"1018","경부고속도로 사고 블랙박스…'18명 사상자' 낸 버스기사 처벌 어떻게 되나?"
"1019","버스기사 '졸음운전'으로 빗길 버스·승용차 6중 추돌…""18명 사상"""
"1020","국토교통부, 경부고속도로 사고 버스업체 점검"
"1021","[카드뉴스] “오늘도 저승사자와 달린다”…‘시한폭탄’ 졸음운전 사고"
"1022","국토부, 경부고속도로 사고 버스 업체 특별안전점검"
"1023","국토부, 경부고속도로 버스 사고 업체 특별 점검"
"1024","[고사성어로 읽는 이슈] 또 졸음운전 사고 '앙급지어'"
"1025","(피플)한국노총위원장의 일갈 ""회사 망하길 바라는 노조는 없다"""
"1026","‘도로 위 흉기’ 대형 버스…졸음 사고 대책은?"
"1027","경기청 최영찬 경위 졸음운전 예방 시(詩) 눈길"
"1028","에어컨 켠 채 장시간 운행 졸음운전 위험"
"1029","“에어컨 켜고 장시간 운행…졸음운전 유발”"
"1030","경찰, 졸음운전 사고 버스기사 구속영장 신청"
"1031","경찰, '2명 사망' 졸음운전 버스 기사 오늘 중 구속영장 신청"
"1032","경찰, '졸음운전' 광역버스 운전기사 구속영장 신청"
"1033","‘2명 사망’ 졸음운전 버스기사 오늘 구속영장 신청"
"1034","바른정당 ""대형버스 졸음운전 사고, 특단의 대책 필요"""
"1035","누리플랜, 세계최초 차량 음성경고시스템 개발…정부 졸음운전 대책 수혜 전망"
"1036","[열린세상오늘 김성덕입니다] 졸음운전, 한 가정을 파괴시키다"
"1037","졸음운전사고 본격 수사… 내주 버스업체 대표 소환"
"1038","흉기 된 '졸음운전' 버스…버스 기사 구속영장 방침"
"1039","'졸음운전' 버스 회사, 다른 버스도 사망사고"
"1040","빗길 다중추돌 M버스 기사 ""졸음 운전"""
"1041","고용부, ‘졸음운전 참사’에 버스기사 근로실태 조사"
"1042","에어컨 켠 채 장시간 운행 ‘졸음운전 위험’"
"1043","'졸음운전' 버스기사 고개 푹 숙인 채 출석"
"1044","국토부, 이달 말 '졸음운전 근절대책' 발표"
"1045","'졸음운전' 꼼짝마…버스 사업장 107곳 한달간 근로 감독"
"1046","'졸음운전' 버스운전기사 장시간 근로실태 조사한다"
"1047","모든 광역버스 차로이탈경고장치 의무화…졸음운전 방지"
"1048","경부고속도로 7중사고 버스업체 압수수색"
"1049","경찰, 버스 졸음·과속·난폭 운전 수시로 들여다본다"
"1050","[추석. 열흘의 가을휴가]10월 3일 오전 귀성은 피하세요...통행료는 없습니다"
"1051","경부고속도로 양재나들목서 6대 추돌…2명 사망, 16명 부상"
"1052","""졸음운전, 연속휴식시간 위반 때문"""
"1053","경부고속도로 사고 블랙박스 영상보니 '충격'… 버스에 깔린 승용차 형체 알아보기 힘들 정도 만신창이"
"1054","경찰, ‘졸음운전’ 사고버스 업체 대상 수사 확대한다"
"1055","경찰, 2명 숨지게 한 ‘졸음운전’ 버스기사 구속영장 방침(종합)"
"1056","경찰, 2명 사망 '졸음운전' 버스기사 구속영장 방침"
"1057","[현장24] ""매일 졸음과 전쟁"" 도로 위 시한폭탄 내몰리는 기사들"
"1058","고용부, 버스기사 근로실태 조사…'졸음운전 참변 막아라'"
"1059","[경기] '졸음운전 더는 안 돼'…경기도, 광역 버스 준공영제 시행"
"1060","인천 광역버스 '추돌·차선이탈 경보장치' 의무화…졸음운전 막는다"
"1061","경찰 '졸음운전' 버스기사 구속영장 방침… 2명 숨지고 16명 부상"
"1062","신양재IC서 빗길 추돌로 18명 사상…""졸음운전 진술"""
"1063","오늘 졸음운전 버스회사 관계기관 합동점검"
"1064","빗길 7중 추돌, 2명 사망…“졸음운전 추정”"
"1065","3시간 자고 15시간 운전…매일 졸음과 사투하는 버스기사들"
"1066","18명 사상자 낸 ‘졸음운전’ 버스기사 오늘 구속영장"
"1067","경찰, 졸음운전 버스기사 오늘 구속영장 신청"
"1068","[이슈플러스] 30분간 휴식제 의무화에도 또 졸음운전 사고…문제는"
"1069","서울경찰청, '졸음운전' 버스 사고 업체 수사 착수"
"1070","[종합]경찰, 경부고속道 버스사고 업체 압수수색"
"1071","서울청, 경부고속道 버스사고 업체 수사 착수"
"1072","‘졸음운전 버스’ 오산교통, 기사들에 버스 수리비 전가"
"1073","TV조선 ""안민석, 경부고속도로 사고 버스회사 경찰 수사 무마"""
"1074","경부고속도로 사고, '무섭게 돌진하는 버스'"
"1075","경부고속도로 추돌사고, '참혹한 현장'"
"1076","[주간 화제의 뉴스] '안철수 사과' '버스 졸음운전' 등 관심"
"1077","‘졸음운전’ 버스업체 압수수색…“휴게시간 준수여부 등 수사”"
"1078","'졸음운전' 버스업체 압수수색…""운수사업법 등 준수여부 수사"""
"1079","경찰, ‘졸음운전’ 버스업체 압수수색…일지 확보"
"1080","경찰, 졸음운전 버스 업체 압수수색…""70%가 15시간 이상 운전"""
"1081","‘졸음운전 ’압수수색 경찰 “휴식.차량검사 여부등 포괄적 수사”"
"1082","사고는 졸음운전 아닌 전방 주시 태만?"
"1083","[기획]경부고속도 참사 계기로 경기도내 버스운전자들의 피로 실태 알아보니"
"1084","졸음운전 버스, 5㎝ 차이로 자동제동장치 면제"
"1085","""졸음운전에 처참한 현장""...정부 버스업체 특별 안전점검"
"1086","포르쉐 배출가스 조작 들통…ADAS, '편의'가 아닌 '필수'"
"1087","[카드뉴스] 졸음운전, 그 뒤엔 버스 기사들의 열악한 근무환경이…."
"1088","‘졸음운전’ 버스 모델, 자동제동장치 장착 대상 제외"
"1089","[단독] 이틀 30시간 운전, 졸음 버스 만든다"
"1090","국토부, 운전기사 졸음운전 부른 '근로기준법 제59조' 손본다"
"1091","[바튼소리]졸음운전 참변을 보며"
"1092","“졸음운전 꼼짝마!”… 누리플랜 ‘교통상황 사전경고시스템’ 주목"
"1093","이낙연 총리 “졸음운전 사고, 안전 대책이 현장에서 이행 안 돼”"
"1094","사문화된 경기도 졸음운전 방지 조례"
"1095","경찰, '졸음운전' 버스기사 구속영장 방침"
"1096","고양시, 졸음운전 예방 시내버스 특별안전점검...휴게시간 미보장시 행정처분"
"1097","[현장에서] 졸음 부른 주 62시간 운전 … “사업자에 징벌적 배상 적용을”"
"1098","[뉴스pick] 졸음운전 버스 기사 ""죽을 죄를 지었습니다"" 유족에게 사죄"
"1099","[하이빔]졸음운전 막을 대안, 돈보다 사람 우선"
"1100","대구경북TBC)고속도로 4중추돌 사고"
"1101","“졸음운전 사고 막자”…문 대통령, ‘대형차 전방추돌 경고장치 의무화’ 지시"
"1102","[단독] 3시간 운행 후 1분 휴식…여전한 '과로 버스'"
"1103","[주영진의 뉴스브리핑] 비극 부른 버스 기사의 '졸음운전'…해결책 없을까"
"1104","추석 '당일' 교통사고 사상자 최다...993명"
"1105","추석 당일 교통사고 사상자 최다 발생"
"1106","추석연휴 교통사고 일평균 486건···사상자 추석당일 993명 '최다'"
"1107","연휴 교통사고 사상자, 추석 당일 가장 많아"
"1108","차로이탈 경고장치 의무 대상 확대...“대형차 졸음운전 방지”"
"1109","졸음운전 방지…9m이상 승합차량 차로이탈경고장치 의무화"
"1110","2400대 경기 광역버스에 'ADAS' 장착된다…전국최초"
"1111","경기도, 광역버스에 사고예방 첨단시스템 설치시작"
"1112","경기도, 전국 지자체 최초 광역버스 ADAS 설치사업 본격화"
"1113","광역버스에 충돌·차로이탈 경보장치 단다"
"1114","경기도, 지자체 최초 광역버스 ADAS 설치사업 본격 추진"
"1115","보이지 않는 굴레 속에서, 오늘도 달린다"
"1116","<2017 추석특집>경부서 송편 먹고, 중부서 노래자랑"
"1117","文대통령 ""대형차, 졸음운전 경보장치 의무화 추진 검토"""
"1118","경기도, 졸음운전 막을 조례 2년간 방치… 사고 나자 늑장대책"
"1119","경기도, 광역버스 ADAS 설치사업 본격화"
"1120","추석 연휴 교통사고 사상자…추석 당일 평균 993명 '최다'"
"1121","최근 3년 추석 연휴 교통사고 '추석 당일, 오전 10시~오후 4시에 가장 ↑"""
"1122","최근 3년간 추석연휴 기간 교통사고 분석"
"1123","사설-시외버스 기사 장시간 근로만은 없도록"
"1124","버스 졸음운전 사고, 원인과 대응 방향은"
"1125","추석 귀성길 소요시간 최대 2시간 35분 단축된다"
"1126","귀성 3일 오전, 귀경 4일 오후 가장 몰릴 듯"
"1127","「사업용 차량 졸음운전 방지대책」 발표"
"1128","버스기사 장시간 운행 못한다…국토부 대책 발표"
"1129","[투고] 교통사고 없는 추석 연휴 보내기..."
"1130","""매년 과로사망 310명""…'과로사 아웃' 시민단체 뭉쳐"
"1131","`졸음운전` 버스업체 8시간 휴식 미준수 상습 위반 정황"
"1132","[톡 쏘는 과학] 졸음운전 사고막는 긴급제동장치"
"1133","추석연휴 오전 10시~오후 2시 교통사고 ‘최다’"
"1134","긴 추석 연휴, 교통사고 '10·4 주의보'...최고 혼잡할 때는?"
"1135","최근 3년간 추석 연휴 교통사고 사상자, 추석 당일이 가장 많아"
"1136","추석 연휴 교통사고, 추석 당일 가장 많이 발생"
"1137","추석 당일 '교통사고 사상자' 993명으로 최다"
"1138","고속도로의 오아시스 입장휴게소 힐링명소 입소문"
"1139","[변호인 리포트] 구속수사를 피하는 법"
"1140","[독자위원칼럼]안전의 품격을 더욱 높여야 할 때"
"1141","경찰 '집중단속'에 집중?"
"1142","'갑질' 종근당 회장 수사 주춤…구속영장 재신청없이 마무리될듯"
"1143","[생생경제] 과로버스 여전히 달리는 이유? 이윤 때문!"
"1144","[생생인터뷰] 과로버스 여전히 달리는 이유? 이윤때문!"
"1145","모든 수도권 광역버스에 차로이탈경고장치 의무화"
"1146","인천광역버스 운송업체 점검, 12개항목 위반 적발"
"1147","인천 광역버스 '휴게시간 미준수' 등 12건 적발"
"1148","구겨진 세단…국내 자동차 안전 테스트엔 ‘천장 강도’ 항목이 없다"
"1149","(고향 가는 길)추석 명절, 전기차로 고향 갈 수 있을까?"
"1150","도로공사 영천휴게소(포항방향) '교통사고 예방 캠페인'"
"1151","대성엘텍, '차로이탈경고장치' 규격 테스트 완료"
"1152","대성엘텍, 차로이탈경고장치 의무장착 법제화 규격테스트 완료"
"1153","대성엘텍, 국토부 차로이탈경고장치 장착 의무화 참여"
"1154","대성엘텍 '네오다스' KC인증 획득…차로이탈경고장치 장착 의무화 참여"
"1155","대성엘텍, 차로이탈경고장치(LDWS) 장착 의무화 참여"
"1156","법원 '졸음운전 참변' 고속버스 운전사에 구속영장 발부"
"1157","추석 전후 교통사고 평소보다 30%↑···연휴시작 전날 오후 4~8시 최다"
"1158","광역버스 기사 연속 휴식시간 10시간으로 늘린다"
"1159","'수사권 조정' 검-경, 신경전 벌이나…상대 비위 수사"
"1160","교통안전공단, 경기도 M버스에 전방충돌경고장치 등 장착"
"1161","환노위 소위, '무제한근로 허용' 특례업종서 노선버스업 제외 … 운수노동자들 '환영'"
"1162","경찰의 반격…`수상한 반값월세` 前검찰간부 수사"
"1163","종근당 회장 영장도 검찰이 반려…경찰 '갑질수사' 잇단 제동(종합)"
"1164","갑질논란 종근당 회장 경찰 구속영장 반려한 검찰"
"1165","검찰, 종근당 회장 영장도 반려…경찰 이슈몰이 수사 제동"
"1166","검찰, 갑질논란 종근당 이장한 회장 구속영장 반려"
"1167","남경필 도지사, 광역버스 운전기사와 간담회"
"1168","남경필 도지사, 광역버스 운전기사들 간담회 개최"
"1169","광역버스 운전기사 이야기 듣는 남경필 도지사"
"1170","광역버스 운전기사들과 간담회 나누는 남경필 지사"
"1171","7월의 한국 강타한 H. H. H."
"1172","[허권수의 한자로 보는 세상 (693)] 일입이식(日入而息) - 해가 들어가면 쉰다"
"1173","[김필수의 자동차세상] 끔찍한 버스 사고는 정부와 업자의 '안전불감증' 때문"
"1174","근로시간 특례업종에 버스여객운수업종 제외…과로버스 방지법 발의"
"1175","사회적 대두 '과로버스' 근절될까?...과로버스 방지법 추진"
"1176","신창현 의원, ‘과로버스 방지법’ 대표발의"
"1177","운수업, 뇌심혈관질환 승인율 '1위'"
"1178","당정, 버스·화물기사 연속휴식 10시간으로 확대한다"
"1179","광역버스 기사 휴식 8→10시간 확대"
"1180","[현장의 눈]한 달에 하루도 못 쉬는 버스기사"
"1181","[연합뉴스 이 시각 헤드라인] - 16:00"
"1182","‘7중 추돌’ 버스업체 사무실 압수수색… 운수사업법 등 준수여부 수사"
"1183","문 대통령 “대형차, 추돌 경고장치 의무화 추진”"
"1184","""오후면 몸이 붕붕 떠요"" 수면시위 나선 버스기사들"
"1185","[데스크칼럼] '질주하는 흉기' 졸음버스 특단의 대책 세워라"
"1186","대형차 ‘전방추돌 경고장치’ 의무화 추진"
"1187","경기도, 4년간 버스기사 4,000명 늘린다"
"1188","이 총리 ""국정교과서, 국민적 합의 없는 정책은 실패"""
"1189","이 총리 ""국정역사교과서는 일방적 정책은 실패한다는 사례""(종합)"
"1190","이 총리 “국정역사교과서, 일방적 정책은 실패한다는 사례”"
"1191","이 총리 ""국정역사교과서는 일방적 정책은 실패한다는 사례"""
"1192","이낙연 총리 ""국정역사교과서 폐지, 일방적 정책의 실패 사례"""
"1193","버스업계 대놓고 위법 행위, 지자체는 뒷짐만"
"1194","윤관석 의원, 대형차 긴급제동장치 의무화 법안 발의"
"1195","윤관석 의원, 대형차에 자동긴급제어장치 장착 의무화 법안 발의"
"1196","[정가산책] 윤관석, ""대형차에 자동긴급제어장치 장착 의무화"""
"1197","윤관석 의원, 사업용 차량 자동긴급제어장치 장착 의무화 추진"
"1198","하루 16시간 달리는 ‘과로 버스’"
"1199","[이주의 사건사고]SNS에 ""성폭행 폭로글"" 남기고 여대생 숨져"
"1200","[사설]경기도의 버스 준공영제 적극 환영한다"
"1201","[사용기] 모빌아이 ADAS 한달 써보니…""햇빛에 가려진 터널 차량과 충돌 피했네"""
"1202","공공운수노조 ""버스 경고장치보다 노동시간 단축이 우선"""
"1203","‘경고장치’보다 노동시간 단축이 우선"
"1204","차로이탈경고장치 장착 대상 길이 11m 초과 승합차→9m이상 승합차 확대"
"1205","LDWS 의무 장착 '길이 9m 이상 버스' 까지로"
"1206","[아침을 열며]우리들의 ‘공정한’ 시간"
"1207","K5, 잇단 대형사고 불똥 맞아"
"1208","[핫 & 쿨] 대성엘텍, 차로이탈경고장치 의무장착 법제화 규격테스트 완료 소식에 급등"
"1209","[사설] ‘시한폭탄’ 광역버스, 버스준공영제 도입 필요하다"
"1210","버스기사 이틀간 하루 18시간 일해도 합법이라는데...정부, 근로기준법 특례조항 손 본다"
"1211","양대노총 택시노조가 ""근로시간 특례 규정 폐지"" 외치는 이유"
"1212","전장 9m 이상 '차로이탈 경고장치' 의무 장착"
"1213","[사설] 버스·트럭 공포의 질주 막을 두 가지 제도적 장치"
"1214","경남병무청 수송업체 대표 초청 안전수송 간담회"
"1215","[SP] 유니퀘스트, 자회사 ADAS 의무화…경기 광역버스 공급업체 선정"
"1216","노선버스업 '무제한 근로' 제한…""근로시간 단축은 추후 논의"""
"1217","김씨와 쓰치야"
"1218","맹성규 국토부 차관 ""수도권 광역교통청 신설, 올해 안에 결정"""
"1219","버스기사들 ""법정 휴식시간 있으나 마나"""
"1220","[기고] 승현창 한국자동차튜닝협회 회장"
"1221","이낙연 총리 “국정역사교과서 폐지, 일방적 정책의 실패 사례”"
"1222","근로시간특례 국회 심의…노동계 “완전 폐지돼야”"
"1223","김태년 ""정부, 능력있는 고소득자·대기업 우선 세부담 원칙"""
"1224","김태년 ""새 정부 세법개정안, 공약대로 소득재분배-일자리 창출 초점"""
"1225","박원순 시장 “중앙정부 예산 지원 충분하면 소방공무원 국가직 전환 필요 없어”"
"1226","늦었지만 이제서야 ‘안전’…대형차 차선이탈경고장치 의무화 확대, 기존 버스·트럭 AEBS는"
"1227","[포토]세종경찰서 조치원지구대, 버스업체 안전당부"
"1228","[사설] 열악한 노동 현실에 관심을 갖자"
"1229","이낙연 총리 ""국정역사교과서 폐지, 일방적 정책 실패 사례"""
"1230","이 총리 “국정역사교과서 폐지, 일방적 정책의 실패 사례”"
"1231","방만경영… 유착… 잡음 커지는 버스준공영제"
"1232","고용부, 버스기사 근로실태 조사"
"1233","고속도로 상행선 곳곳 정체…오후 6시 혼잡 절정"
"1234","문재인 대통령 ""예산 들더라도 국민안전 위해 전방추돌 장치 의무화 추진"""
"1235","""경기도 버스사고 남일 아냐""…부산 버스기사 부족 '호소'"
"1236","광주 시내버스 교통사고 잦다 했더니"
"1237","기다리던 손주 얼굴도 못 보고…'부부 나들이'에 참변"
"1238","김주하 앵커가 전하는 7월 10일 MBN 뉴스8 주요뉴스"
"1239","[가요는 삶의 축] 190. 추억으로 달리는 버스"
"1240","[카드뉴스] 금주의 핫이슈 총정리(7월 둘째주)"
"1241","“부모님 앗아간 졸음버스… 어른들 무책임” 16세 상주 통곡"
"1242","버스·트럭 자동제동장치 의무화 “돈 많이 든다” 제동"
"1243","남경필 경기지사 수원 경진여객운수 직원과 대화"
"1244","남경필 경기도지사, 경진여객운수 방문"
"1245","남경필 경기도지사 경진여객운수 방문"
"1246","차로이탈경고장치 장착 대상 버스 9m 이상으로 확대"
"1247","차로이탈경고장치 부착, 버스 길이 11m→ 9m이상으로 강화…마을버스도"
"1248","9m 이상 승합차도 차로이탈경고장치 의무화"
"1249","계속되는 버스사고…차로이탈경고 대상車 확대"
"1250","국토부, LDWS 장착 대상 버스 9m로 확대"
"1251","자유한국당 오산시당원협의회, 버스회사와의 부정청탁 의혹 안민석 수사 촉구"
"1252","[동아일보 30초 브리핑] 2017년 7월 11일자"
"1253","잇단 버스기사 졸음사고, 집배원 사망…국회 대책은 '깜깜'"
"1254","[오늘의 정가 말말말/7월 13일]한국당으로 복당한 장제원 “제 삶 전체에서 가장 잘못된 결정”"
"1255","버스사고 오산교통 자동차관리법 위반혐의 수사중"
"1256","광역버스 등 9m 넘는 승합차, 차로이탈경고장치 의무 장착해야"
"1257","경찰 '2명 사망' 광역버스기사 구속영장 신청"
"1258","죽음 배달하는 `근로시간 특례제도’"
"1259","[YTN 실시간뉴스] 이준서 구속...국민의당 '윗선' 수사 급물살"
"1260","문 대통령 ""대형차 전방추돌 경고장치, 예산 들어도 추진"""
"1261","근무시간 조정에 대해 이야기 하는 버스기사들"
"1262","남경필 지사, 광역버스 사고 줄이기 위해 간담회 개최"
"1263","또… 나들이 부부 행복 뭉갠 졸음버스"
"1264","[뉴스9 헤드라인]"
"1265","차로이탈경고장치 장착 대상, 11m → 9m로 확대 적용"
"1266","차로이탈경고장치 장착 대상 확대…국토교통부 입법예고"
"1267","차로이탈경고장치, 9m 이상 승합차 의무장착해야"
"1268","차로이탈경고장치 장착 대상 길이 9m 이상 차량으로 확대"
"1269","차로이탈경고장치 창작 대상 ‘길이 9m 이상’으로"
"1270","휴일 고속도로서 버스 사고 잇따라…11명 사상"
"1271","고속도로 ‘추돌사고’ 잇따라…6명 사상"
"1272","경기도 광역버스 준공영제, 시행 불투명 왜?"
"1273","이번엔 고속버스 교통사고"
"1274","줄줄이 터지는 버스 사고, 경고장치 설치보다 중요한 것"
"1275","고속·시외버스 첨단안전장치 연내 장착"
"1276","경부고속도 오산나들목 램프서 버스 등 5중 추돌"
"1277","경부고속도 오산IC 램프서 버스 등 5중 추돌"
"1278","승용차 덮친 고속버스"
"1279","MBN 뉴스파이터-죽음으로 이어진 졸음…왜?"
"1280","‘졸음 진동’ 잡고 경고음 울리고… SUV, 안전을 달린다"
"1281","M버스 첨단안전장치 사업…미뤄지는 계획, ‘방치되는 국민 안전’"
"1282","'졸음운전 사고' 오산교통 경영진 구속영장 기각"
"1283","""졸음운전 비켜"" 추돌 2초전 경고장치 버스에 의무화"
"1284","운전자 졸아도 버스 스스로 급브레이크…교통안전공단 첨단안전장치 시연회"
"1285","8중 추돌 사고, 갑자기 쾅...도로 위 질주하던 버스 연쇄적 '휴일 또 경각심'"
"1286","갑자기 쾅...도로 위 질주하던 버스 8중 추돌 사고, 연쇄적 '휴일 또 경각심'"
"1287","'휴일 또 경각심' 8중 추돌 사고, 도로 위 질주하던 버스...갑자기 쾅"
"1288","“12시간 자도 졸려요”…‘폭풍 졸음’ 원인은?"
"1289","천안-논산고속 정안휴게소 인근서 차량 9대 추돌…2명 사망·4명 부상"
"1290","국토부, 고속·시외버스 첨단안전장치 연내 장착"
"1291","[취재N팩트] 아픈 두 살배기 위해 직접 운전대 잡은 경찰관"
"1292","잇따른 버스 교통사고...시민들은 불안하다"
"1293","광복절 연휴 맞아 고속도로 일부 정체 극심... 서울~부산 6시간 10분"
"1294","서울양양고속도로, 알고 타면 재미 열배!"
"1295","고장 난 대책…버스는 오늘도 '죽음의 핸들'"
"1296","소환된 '졸음운전' 버스업체 대표"
"1297","'졸음운전' 버스업체 대표, 내일 경찰 소환 조사"
"1298","""경영진도 책임""…'졸음 참사' 버스회사 사주 부자 영장"
"1299","‘졸음버스’ 경영진에 사전구속영장"
"1300","인천시, 광역버스 졸음운전 방지 팔걷는다"
"1301","'졸음운전' 버스 업체 대표 곧 소환...업무상 과실치사 입증 주력"
"1302","고용부, 버스업계 '졸음운전' 방지 근로감독"
"1303","'졸음운전 막아라'… 고용부, 버스기사 근로실태조사ㆍ근로감독"
"1304","고용부, 버스기사 근로실태 조사...졸음운전 사라질까"
"1305","영동고속도로-노인-자전거, 교통 사망 ‘3대 요인’"
"1306","경찰, 오늘 졸음운전 버스기사 구속영장 신청"
"1307","[만물상] '버스 공포증'"
"1308","[런치리포트]법이 만든 '무한노동'…근로기준법"
"1309","대형버스 잇단 참사 이대론 안 된다"
"1310","[영상] 경부고속도로 7중 추돌사고…50대 부부 사망"
"1311","[로컬, 현장을 가다] '고속도로 오아시스' 휴게소의 여름 이벤트 한창"
"1312","‘졸음운전 2명 사망 사고’ 버스기사 영장"
"1313","[취재후] 경부고속도 7중 추돌…블랙박스 영상 분석해보니"
"1314","경부고속도로서 사망사고낸 버스기사 구속영장 방침"
"1315","경찰, '졸음 운전' 버스업체 압수수색…들여다볼 부분은"
"1316","'졸음운전' 버스업체 압수수색"
"1317","졸음운전 사고 버스업체 사무실 압수수색"
"1318","졸음운전 대참사 오산 버스업체 압수수색"
"1319","경찰 ""'졸음운전' 교통사고 유발 버스기사, 구속영장 방침"""
"1320","경찰 '졸음운전' 버스기사 구속영장 신청 방침"
"1321","경찰, 경부고속道 버스사고 업체 압수수색"
"1322","안민석, 과거 졸음운전 버스회사 수사 연기 시도...왜?"
"1323","경부고속道 7중 추돌사고 휴식시간 준수 여부 등 버스업체 특별안전점검"
"1324","졸음운전 버스사고 업체"
"1325","'오늘은 사고 없는 날' 현수막 걸린 졸음운전 사고 버스 업체"
"1326","졸음운전 버스사고 기사가 근무한 업체에 걸린 현수막"
"1327","교통 안전 현수막 걸린 졸음운전 사고 버스 업체"
"1328","[그래픽] 또 '버스 졸음운전'…졸음운전 교통사고 건수 추이"
"1329","'공포의 졸음버스' 막는다...근로시간 단축 합의"
"1330","'졸음운전 버스' 5cm 짧아 자동제동장치 면제"
"1331","[포토] 버스 또 졸음운전… 승용차 덮쳐 2명 사망"
"1332","안전 위협하는 과로버스…졸음사고 치사율 과속의 2배"
"1333","여름 휴가철 시작…고속도로 원활하게 이용하려면?"
"1334","[출근길 한입뉴스] #신태용, “이동국 뽑을 수도” #지드래곤, 방콕 무대서 추락” #762회 로또, 16억3천만원 #홍준표, “한국당은 폐허” #文대통령 귀국 #졸음운전 18명 사상"
"1335","'단 5cm'…18명 사상자 낸 졸음버스에 자동제동장치 없었던 이유"
"1336","휴가철 사고 예방 고속도로 음주단속"
"1337","경부고속道 7중 추돌사고 버스기사 재소환···""죄송하다"""
"1338","경남도, 고속도로 운행 운수업체 특별교통안전점검 실시"
"1339","반복되는 비극… 속도 내는 정부"
"1340","‘졸음 사고’ 오산교통, 기사에게 사고 처리비 떠넘겼다"
"1341","[단독] 경부고속도로 사고 버스업체 노조, 올초부터 무리한 운행 개선 요구"
"1342","경부고속도로서 승용차가 화물차 추돌…1명 부상"
"1343","이 시각 교통정보"
"1344","[단독] 졸음운전에 숨진 부부, 석 달 뒤면 첫 손자 안을텐데 …"
"1345","잇따른 버스 사고…영동고속도로 버스ㆍ승용차 충돌 1명 사망"
"1346","카센터 화재로 주민 긴급 대피…경부고속도로서 4중 추돌사고 발생"
"1347","졸음·폭언·위협에 시달리는 경기도 광역버스 기사들"
"1348","깜빡하면 대형 참사…졸음 사고 대책은?"
"1349","‘도로 위 흉기’ 대형 버스…사고 막을 방법 없나"
"1350","경부고속도로서 승용차 5t 화물차 들이받아…1명 부상"
"1351","경부고속도로서 승용차·5t 화물차 들이받는 사고 발생"
"1352","‘경부 7중 추돌 사고’ 사고 버스 운전기사 경찰 출석…“죄송하다”"
"1353","'경부 7중 추돌 사고’ 버스 기사 경찰 출석…""죄송"""
"1354","'30시간 운전', '20분 배달제'... 죽어가는 노동자들"
"1355","경부고속도 사고 버스기사 구속…버스업체 수사도 박차"
"1356","16일 '경부 7중추돌' 버스기사 영장실질심사…구속 여부 결정"
"1357","경찰 '졸음운전 참변' 운전기사 혹사 여부 집중조사"
"1358","[오디오 취재파일] 버스공영제…'졸음버스' 잠에서 깨울 수 있을까?"
"1359","주말 고속도 추돌사고 잇따라… 3명 사망"
"1360","[단독]고속도로 사고로 숨진 부부 석 달 뒤에 첫 손자 안을 수 있었다"
"1361","또 고속도로 참변…버스가 중앙선 넘어 승용차 덮쳐"
"1362","'졸음운전' 버스업체 법 위반 일부 확인...대표 곧 소환"
"1363","현대글로비스, '안전운전용품 세트' 1만여개 배포"
"1364","광역버스 운전자 10시간 휴식 보장…경기도 버스 준공영제 도입"
"1365","""버스 운전자 최소 10시간 이상 쉬게 한다"""
"1366","버스·트럭 운전자, 10시간 휴식보장…경기도 버스 '준공영제' 도입"
"1367","사업용 차량 운전자 최소 10시간 쉬게 한다"
"1368","광역버스 운전자 10시간 휴식 보장…국토부, 경기도 버스 준공영제 도입"
"1369","하남시, 경기도 광역버스 준공영제 참여"
"1370","빗길 귀경 고속도로 정체"
"1371","왜 버스 운전기사는 깜빡 정신을 잃었을까"
"1372","3천 대에 졸음방지 장치…‘10시간 휴식’ 보장"
"1373","당·정 “광역버스 운전사 연속휴식 최소 10시간으로”"
"1374","“광역버스 운전자 휴식 10시간으로 확대”"
"1375","[단독] ""아이가 아파요""...45km 달려 웃음 찾아 준 경찰관"
"1376","안민석 ‘졸음운전 사고버스업체 연루’ 의혹 보도에 “일점일획 부끄러운 일 없다”"
"1377","[단독] 대형참사 부르는 버스 불법 감차 여전…부담은 운전기사 몫"
"1378","버스운전자 운전시간 연장 못한다"
"1379","버스준공영제 도입 필요성 높지만"
"1380","도로 위 공포, 대형차 사고"
"1381","눈꺼풀이 천근만근…'끔뻑끔뻑' 운전대 잡는 버스기사들"
"1382","0.23초 만에 아수라장…50대 부부 삶 앗아간 '깜빡 졸음'"
"1383","버스 운전자 휴식 8→10시간으로, 첨단안전장치도 의무화"
"1384","[기고]운전자들이여 일어나라 !"
"1385","찾아가는 서비스로 상용차 안전 책임졌다"
"1386","""운전 중 꿈까지 꿔봤다""···끔찍한 사고 부르는 버스기사 '더블 근무제'"
"1387","당정 ""버스·화물차량 운전자 휴식 보장 근로기준법 개정"""
"1388","정부·여당 ""버스·화물차 운전자 열악한 근무환경, 반드시 개선해야"""
"1389","[사설] 운전자 휴식보장이 안전확보 지름길이다"
"1390","[기고] 버스 준공영제를 왜 도입해야 하는가"
"1391","경찰, '경부선 사고' 업체 압수수색…""업체 과실여부 조사"""
"1392","권석창 ""버스·택시 운전자, 퇴근 후 다음날 운전 때까지 8시간 휴식 보장"" 입법 추진"
"1393","당정, 광역버스 휴게시간 8시간→10시간 확대키로"
"1394","광역버스 운전사 휴식시간 2시간 더 늘린다"
"1395","광역버스 운전기사 휴식 8 → 10시간으로 늘린다"
"1396","광역버스 ‘따블 운전’ 줄고 ‘퐁당퐁당 휴식’ 늘어난다"
"1397","경부고속도로서 빗길 ‘6중 추돌’…2명 숨져"
"1398","길 막히면 화장실도 못가고 운전만… 휴게실 소파엔 뽀얀 먼지"
"1399","'깜박 졸음' 0.23초 만에…추돌사고 블랙박스 영상 '처참'"
"1400","[뉴스AS] 도로 위 폭탄 ‘과로 버스’…기사 탓만 할 수 있을까요?"
"1401","연장근무 없애야…박홍근 ‘버스기사 졸음방지법’ 발의"
"1402","고용부, 버스운전기사 장시간 근로실태 감독"
"1403","고용부, 한달간 버스운전기사 근로감독 실시"
"1404","고용부, 17일부터 한달 간 버스운전기사 근로실태 조사"
"1405","정부, 버스 운전기사 근로실태 조사-근로감독 실시"
"1406","광역버스 기사 週 52시간 이상 운전 못한다"
"1407","[이슈진단] 살인운전·집배원 자살 만든 과로사회"
"1408","고양시 '졸음버스' 막는다…특별안전점검"
"1409","고속교통 시대 안전대책 뒤따라야"
"1410","졸음버스 덮쳐 대파된 승용차"
"1411","하루 16시간 운전...'과로버스' 오늘도 달립니다"
"1412","R)예측불허 버스사고, 일반 운전자 불안"
"1413","[르포] 삐삐삐 경고음 2초 뒤, 센서가 버스 멈춰 세웠다"
"1414","버스노동자 “‘죽음의 운전’ 멈춰야”…근로기준법 개정 촉구 집회"
"1415","버스기사들 ""장시간 노동 철폐해야""···근로기준법 개정 촉구"
"1416","사고 부르는 '더블 근무'…""운전하다 꿈까지 꿔봤다"""
"1417","[리뷰] ‘그것이 알고 싶다’, 95억 보험 살인 진실공방에 대한 의문 제기…‘운전자 김씨의 진실은?’"
"1418","[취재파일K] 반복되는 ‘도로 위 참사’…대형차 사고"
"1419","여름휴가 고속道 출발 땐 29일, 귀가땐 8월 1일 ‘최대 혼잡’"
"1420","7월 29~8월1 휴가철 혼잡 예상 ... 특별교통대책 시행!"
"1421","올 여름휴가길 원활하고 안전한 특별교통대책 시행!"
"1422","7월29일~8월4일 휴가객 38% 몰려…특별교통대책 시행"
"1423","노선버스, 週 52시간 초과운전 못한다"
"1424","[文정부 첫 예산] SOC 줄여 '도시재생·공적임대' 총알 장전"
"1425","무자격자가 버스 정비… 사고땐 “운전 미숙” 허위진술 강요"
"1426","[직설] 도로 위 폭탄 '과로버스'…""사고 근본 원인 찾아보는 게 중요"""
"1427","[이슈&스토리]열악한 버스 핸들 '준공영제' 도착만 기다린다… 올해 말 첫 시동 거는 경기도"
"1428","운전자 졸거나 차선 벗어나면 경적…광역버스 2천45대 설치 추진"
"1429","남 지사 ""광역버스 첨단운전시스템 도입"""
"1430","버스 운전기사, 운행규정 위반 신고 못하는 이유는…"
"1431","틈을 허용하지 않는 대한민국"
"1432","이번엔 영동고속도로서 버스·승용차 충돌…승용차 운전자 사망"
"1433","하루 16시간 달리는 버스 운전 '더 이상 안된다'"
"1434","[단독]첨단안전장치 달면 車보험료 할인…국토부, 보험사에 이행권고"
"1435","""버스 운전기사 10명 중 1명 '낮 졸림증' 앓는다"""
"1436","버스 운전기사 10명 중 1명은 '낮졸림증'"
"1437","미궁에 빠진 한 형사의 죽음…‘강력반 X-파일 끝까지 간다’"
"1438","‘끝까지 간다’ 이용준 형사 의문사 사건, 마지막 행적의 진실은?"
"1439","'끝까지 간다' 이용준 형사, 그의 마지막 행적…떠오르는 의문들"
"1440","강력반 X파일, 끝까지 간다, 이용준 형사 사고사인가 자살인가 아니면 타살인가?"
"1441","“죽음 부르는 20시간 운전…근로기준법 59조 탓”"
"1442","죽음 부르는 ‘노동시간 특례조항’… “무제한 노동 허용하는 근로기준법 59조 폐기해야”"
"1443","경기도-31개 시군, 광역버스 첨단운전자지원시스템.준공영제 추진 합의"
"1444","[사설]버스 추돌사고 책임 운전기사에게만 있을까?"
"1445","경기 광역버스기사 70% “하루 15시간 이상 운전” 15%는 “18시간”"
"1446","아파트 400여 세대 정전…주민 불편 겪어 外"
"1447","[아침을 열며]최저임금 1만 원"
"1448","버스운전기사 장시간 근로실태조사 및 근로감독 실시"
"1449","도로 위 또다른 시한폭탄 ‘전세버스’"
"1450","화물차 4대 추돌…운전자 1명 사망"
"1451","[카&테크]자율주행차 개발의 필수 관문 'HIL 시뮬레이션'"
"1452","하루 16시간 운전은 기본…'과로 버스' 오늘도 달린다"
"1453","자동차노동조합연맹 ""졸업운전 사고는 예고된 인재"""
"1454","창원시, '전세버스 특별교통 안전점검' 실시"
"1455","휴가철 '드롬비'를 조심하세요"
"1456","휴가철 `드롬비`를 조심하세요"
"1457","<김필수 칼럼> 버스사고, 확실한 안전대책 요구된다!"
"1458","운전자 스스로 법규 준수해 대형 교사고 예방하자"
"1459","고용노동부, 버스기사 장시간노동 실태조사 나선다"
"1460","'과로버스' 근절 위해… 정부, 버스업계 근로감독 돌입"
"1461","'X파일-끝까지 간다' 이용준 형사 죽음의 비밀은 무엇인가"
"1462","'끝까지 간다' 이용준 형사의 의문사, 정말 자살일까"
"1463","“운전자 근무시간 제한…전 광역버스 자동제동장치 장착”"
"1464","[기고] 휴가철 ""드롬비""를 조심하세요"
"1465","[독자투고]휴가철 드롬비 를 조심하세요"
"1466","“운전자 근무시간 제한…광역버스에 자동제동장치”"
"1467","모든 광역버스 '차로이탈경고장치' 의무화"
"1468","[이슈 투데이] 잦은 빗길 교통사고…장마철 안전운전 방법은?"
"1469","목숨 담보 삼아 달리는 광역버스"
"1470","[사사건건] “하루 1시간 겨우 땅 디뎌요”…화물기사의 24시간"
"1471","경기도, 버스준공영제 도입…버스준공영제 돌아보다"
"1472","하루 9시간 운전·4시간당 30분 휴식… '과로 버스' 사라지나"
"1473","[KBS 공감토론] “대형버스 사고 예방과 근절을 위한 괸리대책”"
"1474","추풍령(서울방향) 휴게소 방문객 대상 '휴가철 바캉스 이벤트' 시행"
"1475","[브리핑] 추혜선 대변인, 이정미 신임 당대표 취임 첫 행보/국정원 적폐청산 TF 조사항목 확정/과로운전 사고"
"1476","[현장칼럼] 운수종사자 휴게 시간은 반드시 보장돼야"
"1477","양재IC 사고 운전자, ""5시간도 못 자고 출근"""
"1478","하루 15시간 '과로 운전' 일상화…'달리는 흉기' 된 버스"
"1479","‘죽음의 일터’ 사람 잡는 근로기준법 제59조를 폐지하라"
"1480","예천역 대형교통사고 사례 사진전"
"1481","[뉴스 속으로] 정체 심한 수도권 추돌 잦고, 진로 꼬인 창원권 사망사고 비중 1위"
"1482","황급히 두 손으로 핸들 잡는 운전기사…버스 블랙박스 영상 공개"
"1483","기고-깜빡이란 단어가 순간일수도? 영원일 수도!"
"1484","은하수물류, 지입차 안전교육과 근로개선 통해 운송업 '가치' 높여"
"1485","[오늘과 내일］ 근로시간 특례업종 축소와 그 영향에 대해"
"1486","여름 휴가길...수도권 출발 7월29일, 복귀는 8월1일 ‘가장 혼잡’"
"1487","[광화문 칼럼] 반복되는 버스 사고, 근본대책 필요하다"
"1488","[열린광장]휴가 준비는 충분한 휴식으로부터"
"1489","창원, 전세버스 운수업체 특별안전점검"
"1490","근로시간 특례업종서 제외…안전장치 부착 강화"
"1491","권석창, '여객자동차 운수사업법' 개정안 발의…처벌기준 강화"
"1492","""운수종사자 충분한 휴식시간 법으로 보장"""
"1493","광역버스 교통안전특별점검 시행"
"1494","인천∼서울 광역버스 교통안전 특별점검"
"1495","휴가길 29일·1일 가장 혼잡"
"1496","정부, 특별교통대책 시행…영동선 버스전용차로 시범운영"
"1497","[천자춘추] 道 광역버스 교통사고가 주는 시사점"
"1498","버스 기사 주당 근로시간 52시간으로 제한"
"1499","잇단 버스·트럭 참사...기사들 근로시간 52시간으로 제한"
"1500","경찰, 버스기사 휴식 막는 '갑질' 사업자 잡는다"
"1501","경찰, 운수업계 불법행위 단속"
"1502","교통안전공단 인천지사, 광역버스 교통안전특별점검 실시"
"1503","창원시, 전세버스 특별교통 안전점검 나서"
"1504","'그것이 알고싶다', '95억 보험살인' 대법원은 왜 파기환송했나? 가짜 차용증의 진실"
"1505","‘그것이 알고 싶다’ 95억 보험금 살인? 남편을 향한 의혹들(종합)"
"1506","'그것이 알고싶다', '95억 보험살인' 남편은 왜 즐거운 상태였나? 만삭 아내 죽음의 진실은?"
"1507","'캄보디아 아내 살인사건' 보험사들 95억 보험금 지급할까"
"1508","버스 기사들 ""솔직히 말해 매일 존다, 쉬고 싶다"""
"1509","""광역버스 기사 휴게시간 8시간에서 10시간으로 확대"""
"1510","경기남부경찰청, 휴가철 대형사고 예방 음주단속 실시"
"1511","버스비와 진료비의 불편한 진실"
"1512","국토부 ""버스 안전 실태조사…전방추돌경고장치 의무화 검토"""
"1513","국토부 “버스 안전 실태조사…전방추돌경고장치 의무화 검토”"
"1514","미용·음식업 근로자 月 9시간 덜 일한다"
"1515","근로시간 단축 270만명, 월 평균 9시간 덜 일할 듯"
"1516","[단독] ""차고지 이동도 근무라는데..."" 법원 판단 외면한 국토부"
"1517","대형차 안전장치, 전방추돌방지 더 급한데..."
"1518","[단독]대형버스사고 막는다…15만대 전방추돌 경고장치 의무화"
"1519","돈보다 생명과 안전"
"1520","광역버스 기사 연속휴식시간 8→10시간 확대"
"1521","근로시간 특례업종서 '노선버스' 제외된다"
"1522","'하루 16시간' 버스기사 근무 단축…제동장치 의무화"
"1523","국회·정부 대형교통사고 방지대책 봇물…""조속 입법화·시행 필요"" 여론"
"1524","[벼랑 끝 몰린 법인 택시기사] 1. 사람잡는 1인1차제"
"1525","`대형교통사고 사례 사진전`"
"1526","대형 교통사고 예방 대책...휴식보장ㆍ안전장치ㆍ휴게시설 확충"
"1527","대형차 경고장치 의무화됐지만…'지원예산은 아직'"
"1528","무한정 연장근로 가능한 근로기준법 59조 폐기돼야"
"1529","`그것이 알고싶다` 95억 임산부 아내 보험살인, 대법 파기환송 `법의 저울은 어디로`"
"1530","'그알', 숨진 임산부 아내와 '95억 보험금'의 진실 다룬다"
"1531","‘그것이알고싶다’ 95억 보험 살인, 진실을 추적한다"
"1532","'그것이 알고싶다' 아내 보험금 95억 노린 고의 교통사고 '진실공방'… 2.2초의 진실은?"
"1533","‘그것이 알고 싶다’ 2.2초 속 마지막 퍼즐-95억 보험 살인 진실공방"
"1534","[이주의 사건사고]화성 제약단지 공장서 '화재'…1명 부상"
"1535","고용부, 17일부터 '장시간 근로' 버스업계 근로감독"
"1536","‘그것이 알고싶다’ 95억 보험 살인 피해자 혈흔서 수면유도제 검출"
"1537","[지지대] 낮 졸림증"
"1538","부부에게 일어난 참변, 어쩌면 막을 수 있었다"
"1539","'그것이 알고싶다' 95억 보험 살인사건, 1심 무죄→2심 유죄→대법원 무죄"
"1540","[현장IN] 5시간도 못자는 '과로 버스'…첨단 장치 달면 해결?"
"1541","버스 '특례업종'서 제외…버스노조 '환영'·택시노조 '분노'"
"1542","그것이 알고싶다, '95억 보험 살인사건' 네티즌 관심집중!"
"1543","[뉴스해설] “달리는 흉기” 대책 서둘러야"
"1544","50대 부부 ""주말 나들이 나섰다가 참변..."""
"1545","버스에 무참히 깔린 승용차…연쇄 추돌로 50대 부부 사망"
"1546","은하수 물류, 지입차 안전교육 통해 운송업자 교통사고 줄여"
"1547","이동섭 의원, ‘교통안전법’, ‘여객자동차 운수사업법’ 개정안 대표발의"
"1548","사고원인 밝히는 1등공신…버스 블랙박스 툭하면 '먹통'(종합)"
"1549","버스 사고 많은데···블랙박스 '무용지물'"
"1550","'그것이 알고싶다' 아내 죽음과 95억 보험금에 얽힌 진실 ""시체는 말한다"""
"1551","'그것이 알고싶다' 95억 보험금 노린 살인 사건? 진실 추적"
"1552","‘그것이 알고싶다’ 95억 보험 살인 진실공방 파헤친다"
"1553","'그것이 알고싶다' 95억 보험 살인, 3년 진실 공방 집중 조명"
"1554","‘그것이 알고싶다’, 95억 보험 살인 진실공방 펼친다"
"1555","‘95억 보험 살인 사건 공방’…그것이알고싶다, 진실 추적"
"1556","'그것이 알고 싶다' 2.2초 속 마지막 퍼즐 - 95억 보험 살인 진실공방"
"1557","‘그것이 알고 싶다’ 95억 보험살인 진실공방…남편은 아내를 살해한걸까"
"1558","여름휴가 가는 길, 7월 29일·8월 1일 가장 혼잡"
"1559","7대 신고하고 5대만 운행… 출근시간대 15분간격 ‘돌려막기’"
"1560","[정태명의 사이버 펀치]<26>반쪽짜리 4차 산업혁명의 모습"
"1561","국토부, 모든 광역버스에 '차로이탈경고장치' 의무화 추진"
"1562","[인터뷰 | 신창현 더불어민주당 의원(경기 의왕·과천)] ""과로는 자신과 가족, 사회 해치는 범죄"""
"1563","근로시간 특례업 ‘굴레’… 공항노동자들 위험한 ‘2박3일’ 근무"
"1564","경남도, '전 사업용차량 특별교통안전점검' 실시"
"1565","[발언대]경남지역 버스를 조심하자"
"1566","[앵커&리포트] 버스 ‘비상 제동 장치’ 의무화…대상 기준 ‘허술’"
"1567","[박진호의시사전망대] ""8시간 휴식 규정 지킨다지만…버스 기사 실제 생활은?"""
"1568","[조간브리핑] 삼성전자 갤럭시FE·갤럭시S 시리즈 '돌풍'"
"1569","경남도, 고속도 운행 운수업체 차량 특별안전점검"
"1570","경상남도, 시외버스 등 사업용 차량 특별교통 안전점검"
"1571","경남도, 시외버스 등 사업용 차량 특별교통안전점검"
"1572","[뉴스pick] '보험금 95억'…아내 숨진 뒤 웃으며 '셀카' 찍은 남편"
"1573","‘보험금 95억’…아내 사망 후 웃으며 ‘셀카’찍은 남편"
"1574","[ET단상]ADAS, '편의'가 아닌 '필수' 장치로"
"1575","‘그알’, “시반, 95억 보험 살인 진실공방 피해자의 몸에 남은 단서”…‘시반은 무슨 뜻?’"
"1576","'그것이 알고싶다' 남편, 캄보디아 아내 숨진 뒤 셀카 ""미소 띤 얼굴로 두 손 번쩍"""
"1577","［데스크칼럼］‘빨리빨리’는 미덕이 아니다"
"1578","경찰, 운수업체 '갑질·불법행위' 집중 단속"
"1579","교통안전공단 인천지사, 전세버스·화물차 특별점검"
"1580","경찰, 대형차량 고질적 문제 뿌리 뽑는다…집중단속"
"1581","[단독] ""수리 비용 기사에게 떠넘겨""...사고 전부터 경찰 수사 받아"
"1582","[단독] ""수리 비용 기사에게 떠넘겨""...사고 전부터 이미 수사 대상 드러나"
"1583","'그것이 알고싶다',95억 보험 살인 재추적…2·2초가 말하는 것은?"
"1584","'그알' 95억 보험살인 의혹 남편, 아내 사망 후 '웃으며 셀카' 찍었다"
"1585","‘그것이 알고싶다’ 95억 보험 살인 아내, 혈흔서 발견된 수면유도제"
"1586","신양재IC서 버스·승용차 다중 추돌, 18명 사상"
"1587","근로시간 특례조항에서 버스운수업 제외 '급물살' 탈까"
"1588","하루 17시간 운행 격무…수도권 버스 ‘달리는 시한폭탄’"
"1589","'그것이 알고싶다' 95억 보험 살인? 임산부 사망 진실 추적"
"1590","임신한 아내 사망 후 보험금 95억 받은 남편…진실은"
"1591","‘그것이 알고싶다’ 부인 사망으로 받을 보험금이 95억?"
"1592","‘그것이 알고 싶다’ 95억 보험금 노린 살인? 2.2초 속에 담긴 진실 추적"
"1593","'그것이 알고싶다' 95억 보험금, 아내는 살해됐을까?"
"1594","버스업계, '근로시간 특례' 폐지 검토 강력 반발"
"1595","'그것이 알고 싶다' 이수정 교수 ""맥락적으로 보면 좀 이해가 안되는 부분 있어"""
"1596","구로 자동차정비소 화재·신탄진휴게소 추돌 外"
"1597","구로 자동차정비소 화재…8천만 원 피해 外"
"1598","[영상] 대형차-승용차 충돌 테스트 보니…대형차량 안전대책 시급"
"1599","'그것이 알고싶다' 95억 보험 살인 진실공방"
"1600","‘그것이 알고 싶다’ 사고냐 살인이냐, 95억 보험 살인 진실공방"
"1601","'그것이 알고싶다' 95억 보험 살인 진실공방 추적…마지막 퍼즐 2.2초"
"1602","'그것이 알고 싶다' 95억 보험금 노린 살인사건 진실공방…두 생명을 앗아간 그날의 진실"
"1603","'그것이 알고 싶다'95억 보험살인사건, 남편은 임산부 아내를 죽였을까?"
"1604","차로이탈경고·비상제동장치, 모든 광역버스 설치 의무화"
"1605","유족 향해 버스기사 “내가 죽었어야”…“사죄드립니다”"
"1606","[뉴스 퍼레이드] 화물차 기사들의 속사정 들어보니…"
"1607","대형차 차선이탈 경고장치 의무화한다"
"1608","그것이 알고싶다, 극단을 오가는 판결의 쟁점과 두 생명 앗아간 그날의 진실 단서 추적!"
"1609","그것이알고싶다, 1심 무죄- 2심 무기징역-대법원 파기환송 '95억원 보험살인사건'"
"1610","'그것이 알고 싶다' 임산부 아내 사고로 사망후 95억 받은 남편…진실은"
"1611","ICT로 교통사고 줄인다 … 통신업계 '잰걸음'"
"1612","‘그것이 알고 싶다‘ 95억 보험 살인 사건 공방…진실은?"
"1613","교통사고 원인 밝히는 1등 공신은 ‘블랙박스’"
"1614","""버스기사에게 연속휴식시간 8시간은 그림의 떡"""
"1615","윤관석 의원, 대형차 자동긴급제어장치 장착의무화 법안 발의"
"1616","‘그것이 알고싶다’ 95억 보험 살인 진실공방···2.2초의 진실은?"
"1617","‘그것이 알고싶다’ 캄보디아 아내의 죽음과 95억의 사망 보험금…그 진실은?"
"1618","‘그것이 알고싶다’ 95억원 보험 살인 재조명… 대체 왜?"
"1619","그것이 알고싶다, 보험금 노린 살인인가?"
"1620","[속보]사후약방문? ""1823대 경기도 광역버스에 '전방추돌 경보장치' 달겠다"""
"1621","경기도, 31개 시<U+30FB>군과 머리 맞댔다"
"1622","승용차에 올라타 깔아 뭉갠 버스…처참한 사고 블랙박스 영상 공개"
"1623","현대·기아차 전 모델에 전방충돌방지 보조장치"
"1624","국토부, 신양재IC 7중 추돌사고 버스업체 특별안전점검"
"1625","연장근로 특례업종 축소 추진"
"1626","오늘도 저승사자와 달린다"
"1627","서울시, 65개 시내버스회사 여름 안전 특별교육"
"1628","인천시, 시내버스 개선대책 추진"
"1629","인천시, 시내버스 안전 및 서비스 개선대책 추진"
"1630","인천시, 시내버스 안전 및 서비스 개선대책 발표"
"1631","인천시 시내버스·광역버스 운수종사자 근무환경 개선"
"1632","[단독] ""광역버스 예비타이어 떼내 승용차 덮쳤다"""
"1633","화물차 4대 잇따라 추돌…1명 사망"
"1634","이시종 지사-김양희 의장, 삼겹살집 회동"
"1635","""하루 660km 운행 피로 누적""…경찰, 구속영장 방침"
"1636","올 휴가철 '7월 29일~8월 4일' 가장 혼잡"
"1637","화물트럭, 주차된 트레일러 추돌…1명 경상"
"1638","만남의광장 휴게소 부근 6중 추돌사고···사망자 2명 발생"
"1639","[종합]만남의광장 휴게소 부근 6중 추돌사고···2명 사망"
"1640","'그것이 알고싶다' 95억 보험금 살인, 26개 보험 든 남편 향한 의혹"
"1641","승용차 깔아뭉갠 채 질주...블랙박스에 담긴 참담한 현장"
"1642","경찰, 만남의광장 7중 추돌 수사…버스 국과수 의뢰"
"1643","회사에 등떠밀린 버스기사도 과태료 ""처벌 두려워 신고못해"""
"1644","시급 6700원 받는 기사들, ""휴식시간? 저녁밥이 첫 끼"""
"1645","버스, 승용차 들이받아 7중 추돌…2명 숨져"
"1646","‘그것이 알고싶다’ 제천 토막살인사건의 비밀, 증거가 가리키는 용의자"
"1647","‘그것이 알고싶다’ 제천 토막살인사건의 비밀, 증거가 가리키는 용의자는?"
"1648","[단독] ""수리 비용 떠넘겨""...경찰, 사고 업체 수개월 전부터 수사"
"1649","[차관동정] 맹성규 2차관, “교통사고의 근본적인 해결책 마련” 강조"
"1650","맹성규 2차관, ""교통사고의 근본적인 해결책 마련"" 강조"
"1651","맹성규 국토교통부 2차관 ""사고 재발 방지 위한 대책 보완, 모니터링 통해 대책 이행여부 점검"""
"1652","과천소방서 인명구조 숙달훈련"
"1653","[뉴스 브리핑] 서울교육청, 전교조 전임자 징계 요구 외"
"1654","휴가길 원활하고 안전한 특별교통대책 시행"
"1655","'봉평참사 방지법' 이번엔 제대로 만들까"
"1656","[인터뷰] 배규식 연구위원 ""근로시간 특례 업종 광범위, 최소화해야... 연차 휴가만 다 써도 근로 시간 줄일 수 있어"""
"1657","경남버스 노조 “휴게시간 보장과 법규 위반 업체 처벌”"
"1658","버스기사 40% 불면증…“전 광역버스 자동제동장치 장착”"
"1659","'그것이알고싶다' 남편은 임신한 아내 죽였나 ""시반 자세히 보니"""
"1660","‘그것이 알고 싶다’, 2.2초 속 95억 살인의 진실공방"
"1661","'그것이 알고싶다' 보험살인 진실공방, 95억 때문에 아내를 살해?"
"1662","[뉴스쏙쏙] 차량 제동장치, 가격보다 '출시시점' 따라"
"1663","[직설] ""나도 더 쉬고 싶다""… 버스기사 연속휴식 8시간 '그림의 떡'"
"1664","출근길 광역버스 여전한 ‘칼치기’… 수시로 과속 경보음"
"1665","인천시, 광역버스에 ‘첨단안전보조시스템’ 설치"
"1666","인천 광역버스 '차선이탈 경보장치 설치' 의무화"
"1667","광역버스 안전운행 위해서는?‥경기도·시군 종합대책 관계자 회의 개최"
"1668","광역버스 안전운행 31개 시·군 ‘맞손’"
"1669","경기도·시군, 광역버스 안전운행 종합대책 도출"
"1670","경기도, 광역버스 안전운행 종합대책 관계자 회의 개최"
"1671","文 대통령 “경고장치 의무화…전체 버스 안전점검”"
"1672","경기 버스준공영제 연말 시행…대도시 빠진 '반쪽짜리'"
"1673","환노위, ‘무제한 근로시간’ 특례업종에서 노선버스 제외키로"
"1674","경찰, 오늘부터 운수회사 불법행위 집중 단속"
"1675","‘버스·화물차 교통사고 막는다’···경찰, 대형차량 불법행위 집중 단속"
"1676","인천광역시, 시내버스 안전 및 서비스 개선대책 발표"
"1677","[창업 톡톡 스토리] 10. 춘천 동방라이트"
"1678","올해 12월부터 김포ㆍ부천 등 경기도 일부 시군 버스준공영제 도입"
"1679","文대통령, 버스 '전방추돌 경보장치' 설치 의무화 지시"
"1680","[발빠른TV] ‘그것이 알고 싶다’ 95억 보험 살인 진실공방, 두 생명을 앗아간 그날엔 무슨 일이?"
"1681","'그것이 알고 싶다' 2.2초 속 마지막 퍼즐… 95억 보험 진실은?"
"1682","그알, '95억 보험살인' 진실 공방 속 '2.2초 퍼즐' 추적"
"1683","[볼만한TV]2.2초 속 마지막 퍼즐…95억 보험 살인 진실공방"
"1684","여성 두 명 납치·감금 20대 구속"
"1685","버스기사 근무표 확인하니…사고 전날 18시간 운행"
"1686","제51차 원내대책회의 모두발언"
"1687","[기자의 눈] 현지조사반, 또다른 '극한 직업의 현장'"
"1688","대형사고 원인 '버스 장시간 노동' 근절법 잇따라 발의"
"1689","다시 수면 위 떠오른 '무제한 근로'···이번엔 '근로기준법 59조' 손질?"
"1690","7~8월 빗길 교통사고 71% 증가…장마철 주의 요망"
"1691","환노위 31일 버스기사 근로시간 제한 법안 심사"
"1692","버스·화물차 ‘ADAS' 의무화 어디까지?"
"1693","맹성규 2차관 ""전체 광역버스 차로이탈경고장치(LDWS) 의무화"""
"1694","맹성규 국토부 2차관 ""전체 광역버스 차로이탈경고장치 의무화"""
"1695","""버스회사 과실 수사""…연쇄추돌 사고업체 압수수색"
"1696","주간 뉴스 큐레이션: 해방되지 못한 땅, 용산"
"1697","광역버스, '자동비상제동장치' 현실적 어려움...'차로이탈경고장치' 의무화"
"1698","[현장에서]후진적 버스 사고, 그 비극의 쳇바퀴에서 탈출하자"
"1699","50대 부부 목숨 잃어, '광역버스' 충격 가시기도 전에"
"1700","대구·경북 버스기사 우린 업무강도 안 높아요"
"1701","빗길에 건너편 차선 '돌진'…버스-승용차 충돌 1명 사망"
"1702","95억 보험금 노린 아내 살해 혐의에 대법원 무죄 판결"
"1703","7월 10일 월요일 뉴스파이터 오프닝"
"1704","잇단 참사에 노동시간 단축 요구 확산"
"1705","'그것이 알고싶다' 죽은 아내 시신 수습한 구급대원 ""산소포화도 0%…이상해"""
"1706","[사건사고] 서울 잠수교 물에 잠겨…2명 사망 등 전국서 피해"
"1707","고용부, 버스업계 근로실태조사 등 근로감독 실시"
"1708","'그것이 알고 싶다' 95억 보험 살인 사건 시청률 상승"
"1709","'그것이 알고싶다' 95억 보험 살인 재추적, 임신한 아내에 수면제 먹였나"
"1710","[휴일 한입뉴스] #‘역대급’ 대진 UFC 214 #종영 앞둔 '비밀의 숲' #신혼부부 생애 첫 주택 대출 2억2000만원까지"
"1711","""운수종사자·우편집배원 장시간 노동착취 안된다"""
"1712","'그것이 알고싶다' 보험금 살인 의혹 정황 셋… 시청자들 공분"
"1713","이찬열 의원, '운수종사자·우편집배원 노동착취 근절법' 발의!"
"1714","이찬열 의원, ‘운수종사자·우편집배원 노동착취 근절법’ 발의"
"1715","이찬열 의원, '운수종사자·우편집배원 노동착취 근절법' 발의"
"1716","국민의당 이찬열, 운수종사자·우편집배원 노동착취 근절법 발의"
"1717","'그것이 알고 싶다', 비난 쇄도 '왜?'...""판사가 더 살인마"""
"1718","'그것이 알고 싶다', 비난 쇄도 '왜'...""판결 수준 실화?"""
"1719","[리뷰] ‘그알’, “52세 구미 씨 살인사건-베트남 신명호 씨 목격담-충주성심 맹아원 제보 받는다”"
"1720","[리뷰] ‘그것이 알고 싶다’, “김씨 경제력의 근거인 차용증은 두 개 모두 가짜”"
"1721","‘그것이 알고싶다’ 95억 보험 사기 살인사건 … 파기환송 뜻은?"
"1722","[별별TV]'그것이알고싶다' 95억 보험 아내 혈흔서 수면유도제 발견"
"1723","[리뷰] ‘그것이 알고 싶다’, 95억 보험 살인 진실공방의 아내는 사고 전 이미 사망했다?"
"1724","'그것이 알고싶다', 또 소름 편 탄생하나…""임신한 아내를 보험 때문에?"""
"1725","'그것이 알고싶다' 수상한 남편 행동, 캄보디아 아내 숨진 뒤 병원에서 셀카 ""두 손 번쩍 들며 미소 띤 얼굴"""
"1726","김성태 ""양재나들목 추돌사고, 버스업계 과다노동 점검해야"""
"1727","빗길 질주 10여명 사상자 낸 버스기사 어떤 처벌받나"
"1728","[김재필 에세이]H에게- 일중독에 빠진 한국사회"
"1729","“석달 뒤 첫 손주 본다며 손꼽아 기다리시더니…”"
"1730","[볼만한 TV프로] 29일 TV프로 해설"
"1731","고용부, 버스기사 근로실태조사 및 근로감독 실시"
"1732","노동부 107개 버스업체 근로감독·실태조사"
"1733","근로기준법 59조의 저주"
"1734","[고양소식]'시내버스 사고 예방'···고양시, 운수회사 특별안전점검 등"
"1735","블랙박스로 본 사고...버스가 승용차 밟고 올라서"
"1736","인천 광역버스 안전보조시스템 설치 의무화"
"1737","[김면수의 이슈만화경] 제 기능 못하는 사업용 차량 블랙박스"
"1738","[본방사수] 50살 ‘철부지 소년’의 나무집"
"1739","[이주의 뉴스키워드] '비정규직' '제보조작' '기자회견'"
"1740","신양재IC 인근 버스-승용차 연쇄추돌…2명 사망, 16명 부상"
"1741","신양재 IC서 광역버스-승용차 빗길 추돌로 18명 사상"
"1742","밤사이 '또 버스사고'…영동고속도로서 중앙선 넘어 승용차 충돌 '1명 사망'"
"1743","李총리 ""검정역사교과서 적용시기·집필기준 조속히 결정"""
"1744","‘과로버스’ 참사 막아라…107개 업체 근로감독"
"1745","고용부, 버스업계 대상 근로실태조사·근로감독"
"1746","고용부, 17일부터 버스기사 근로실태 조사"
"1747","고용노동부, 버스기사 장시간노동 실태조사 실시"
"1748","고용부, 107개 사업장 버스기사 근로실태 조사"
"1749","고양시 시내버스 특별 안전점검… 졸린버스 사전에 막는다"
"1750","고양시, 시내버스 특별 점검…오는 19일부터"
"1751","고양시, 시내버스 특별 점검 '졸린 버스' 막는다"
"1752","고양시, 지역시내버스업체 특별 안전점검 실시"
"1753","고양 시내버스 졸린버스 막는다"
"1754","‘화들짝’ 핸들 고쳐잡는 순간 ‘쾅’… 버스 블랙박스 공개"
"1755","버스업체 '갑질 겨냥' 수사… 고속도 LDWS 의무화 추진"
"1756","버스업체 압수수색…“전날 5시간도 못잤다”"
"1757","끔찍했던 사고 순간…버스 속도 안 줄여"
"1758","끔찍했던 사고 순간…버스 내부 영상 공개"
"1759","'7중 추돌' 버스업체 기사들, ""휴식 보장"" 민원 냈지만…"
"1760","[단독] ""하루 평균 16시간 근무""...경찰 전격 압수수색"
"1761","[단독] ""석 달 동안 하루 평균 16시간 근무""...업체 과실 수사"
"1762","버스업체 압수수색…“5시간도 못 잤다”"
"1763","시, 관내 모든 광역버스에 ADAS 설치 의무화"
"1764","정부·경기도 '버스사고 재발 방지' 한목소리"
"1765","경기도, G버스 2천여대에 '추돌 자동제동장치' 단다"
"1766","끔찍했던 사고 순간 공개…버스 속도 안 줄여"
"1767","또 대형차 사고…화물차 4대 추돌로 4명 사상"
"1768","""수사 미룬 안민석 의원 조사 촉구"""
"1769","현대차버스 ‘유니시티’ 자동비상제동장치 미장착"
"1770","안철수, 녹취록 조작 사과했지만 정계은퇴 의사는 없다?"
"1771","[미리보는 오늘] ‘문건 또 있나’…靑, 캐비닛ㆍ책상 더 뒤진다"
"1772","[오늘의 국민일보] 靑, 야당에 영수회담 곧 제안… 'in서울' 의대 부유층 세상"
"1773","'6중 추돌사고' 조사 진행…버스 기사 영장 신청 방침"
"1774","국토부, 사고 버스 업체 점검…""업체의 휴게시간 보장조치 조사"""
"1775","""버스노동자 휴게시간 보장하라"""
"1776","김태년 ""文정부, 세법 개정안 내달초 발표···고소득자·대기업 우선 세부담 원칙"""
"1777","김태년 ""고소득자 세부담 확대 원칙…조만간 개정안"""
"1778","'기사 휴게 시간' 보장?...혼선 키운 국토부"
"1779","[빅데이터 인사이트] 이언주 의원 막말논란과 말의 품격"
"1780","‘무용지물’ 의무 휴식 실태조사…오늘 대책회의"
"1781","[연합뉴스 이 시각 헤드라인] - 12:00"
"1782","[경기도 연령별 운수종자사] 10명 중 6명 50대 이상...버스기사 고령화 '심각'"
"1783","""운수종사자에 충분한 휴식 보장 법으로 보장"""
"1784","박시동 시의원 ""고양시 점검과정서 버스기사 근로감독은 누락"""
"1785","한주간의 이슈 검색어 Top10 [시선뉴스 키워드]"
"1786","오늘의 주요뉴스"
"1787","[오늘의 주요뉴스] ‘제보 조작’ 사건…이준서 前 최고위원 구속 외"
"1788","[이슈탐색] 출입 제지 무시하고… 급류 휩쓸렸다 구조"
"1789","오산시, 버스 안전대책 시행... 버스 공영제 검토"
"1790","(IPO플러스)차량용 인포테인먼트 업체 모트렉스"
"1791","“8시간 의무휴식? 집 오가는 것 빼면 서너시간 토막잠”"
"1792","오산시, 광역버스 사고대책 '돋보기 검토'"
"1793","오산시, 버스 안전운행 종합대책 시행"
"1794","문재인 대통령 ""사람도 쉬고, 차도 쉬어야 한다"""
"1795","오늘, 주목할 경제뉴스(07/13)"
"1796","경기 모든 광역버스에 전방추돌·차선이탈 방지 장치"
"1797","현대·기아차, 내년부터 '전방충돌방지장치' 전 승용차에 탑재"
"1798","제윤경 원내대변인, 오전 현안 서면 브리핑"
"1799","장마철과 다가오는 휴가철, 교통사고 및 교통사고 후유증 주의도 상승"
"1800","문 대통령 “경고장치 의무화”…버스업체 200곳 안전 점검"
"1801","“경고장치 의무화…전체 버스 안전점검”"
"1802","오산시, '버스 안전운행 종합대책' 시행"
"1803","오산시, 광역버스 교통 종합대책 발표"
"1804","고양시, '2017년도 시내버스 특별 안전점검' 실시"
"1805","[박종인의 아침생각] 전쟁같은 대한민국"
"1806","""운수업-통신업에 무제한 연장 근로 금지해야"" 근로기준법 개정안 발의돼"
"1807","[핫이슈키워드] 국민의당, 이준서 구속에 ""국민께 죄송"""
"1808","인천일보 2017년 7월 12일(수)"
"1809","매경이 전하는 세상의 지식(매-세-지, 7월 12일)"
"1810","경찰, 버스 기사 재조사...곧 업체대표 소환"
"1811","정부, 대형차 추돌 경고장치 장착 의무화 추진"
"1812","[YTN 실시간뉴스] 잠수교 통행 재개...곳곳에 폭염특보 발령"
"1813","버스 줄지어 서있는 오산시 임시 버스 공영 차고지"
"1814","'오늘은 사고 없는 날 현수막 걸려있었지만...'"
"1815","'오늘은 사고 없는 날' 현수막 걸린 버스 업체"
"1816","운행 마친 버스기사"
"1817","버스 기사, 처우개선 가능할까?"
"1818","운행순서 기다리는 버스와 기사들"
"1819","文 대통령 “전방추돌 경고장치 예산 들더라도 의무화 추진”"
"1820","운행 기다리는 버스들"
"1821","광역버스 80% 자동제동장치 장착 불가"
"1822","모든 광역버스에 달겠다던 ‘자동제동 장치’…80%는 ‘장착 불가’"
"1823","압수품 가져 나오는 경찰"
"1824","압수품 차에 싣는 경찰"
